<?xml version="1.0" encoding="UTF-8" standalone="yes"?>
<addon id="plugin.video.cmore" name="C More" version="1.1.3" provider-name="mariusz89b">
  <requires>
    <import addon="xbmc.python" version="3.0.0"/>
    <import addon="script.module.inputstreamhelper" version="0.2.4"/>
    <import addon="script.module.requests" version="2.22.0"/>
	<import addon="script.module.six" version="1.14.0"/>
	<import addon="script.module.iso8601" version="0.1.12"/>
	<import addon="script.module.pytz" version="2019.3.0"/>
	<import addon="script.module.future" version="0.17.1"/>
  </requires>
  <extension point="xbmc.python.pluginsource" library="addon.py">
    <provides>video</provides>
  </extension>
  <extension point="xbmc.service" library="player.py"/>
  <extension point="xbmc.addon.metadata">
    <summary lang="en_GB">C More</summary>
	<description lang="da_DK">Se indhold fra C More.</description>
    <description lang="en_GB">Watch content from C More.</description>
	<description lang="nb_NO">Se innhold fra C More.</description>
	<description lang="sv_SE">Se innehåll från C More.</description>
    <disclaimer lang="en_GB">This add-on is unoffical and is not endorsed or supported by any of the services provided in any way. Any trademarks used belong to their owning companies and organisations.</disclaimer>
    <language>en sv</language>
    <platform>all</platform>
    <license>GNU GENERAL PUBLIC LICENSE Version 3, 29 June 2007 and MIT LICENSE.</license>
    <source>https://github.com/Mariusz89B/plugin.video.cmore</source>
    <news>v1.1.3 (2022-08-08)
- Code refactoring.

v1.1.2 (2022-08-06)
- Added Live TV.
- Added catchup function for M3U playlist.
- Other fixes.

v1.1.1 (2022-07-10)
- Fixed memory leak.

v1.1.0 (2022-07-09)
- Bug fixes.

v1.0.9 (2022-07-08)
- Hotfix.

v1.0.8 (2022-07-08)
- Bug fixes.

v1.0.7 (2022-06-16)
- Fixed live tv play from beginning error.

v1.0.6 (2022-06-12)
- Fixes.

v1.0.5 (2022-06-11)
- Fixed encoding for playlist generator.

v1.0.4 (2022-06-11)
- Added M3U playlist generator.
- Code refactoring.

v1.0.3 (2022-06-10)
- Hotfix.

v1.0.2 (2022-06-10)
- Added days for live channels.
- Code refactoring.

v1.0.1 (2022-06-09)
- Added new categories for sports and kids section.

v1.0 (2022-06-08)
- Production release.

v0.9 (2022-06-06)
- Fixed token refresh.

v0.8 (2022-06-04)
- Fixes.

v0.7 (2022-06-04)
- Fixed login.

v0.6 (2022-05-27)
- Added xbmc.Player callbacks.

v0.5 (2022-05-21)
- Bug fixes.

v0.4 (2022-05-20)
- Added IA shortcut to settings.

v0.3 (2022-05-20)
- Added section upcoming sports.

v0.2 (2022-05-20)
- Code refactoring.

v0.1.3 (2022-05-20)
- Fixed childlock.

v0.1.2 (2022-05-20)
- Fixes.

v0.1.1 (2022-05-19)
- Added childlock.

v0.1 (2022-05-18)
- Added kids section.

v0.0.9 (2022-05-18)
- Code refactoring.
- Added sport section.

v0.0.8 (2022-05-16)
- Added profiles.
	
v0.0.7 (2022-05-16)
- Bug fixes.

v0.0.6 (2022-05-16)
- Added search function.

v0.0.5 (2022-05-15)
- Added VOD Series.

v0.0.4 (2022-05-14)
- Added VOD.

v0.0.3 (2022-05-13)
- Fixes.

v0.0.2 (2022-05-13)
- Code refactoring.
- Added extended information to context menu.
- Added catchup dot. 

v0.0.1 (2022-05-12)
- Initial version.
    </news>
    <assets>
        <icon>icon.png</icon>
        <fanart>resources/fanart.jpg</fanart>
        <banner>resources/banner.jpg</banner>
        <clearlogo>resources/clearlogo.png</clearlogo>
        <screenshot>resources/screenshots/screenshot-01.jpg</screenshot>
		<screenshot>resources/screenshots/screenshot-02.jpg</screenshot>
		<screenshot>resources/screenshots/screenshot-03.jpg</screenshot>
    </assets>
  </extension>
</addon>