{
   "ad":{
      "language":"Andorra",
      "translated":"",
      "native":"Andorra",
      "alpha-3":"AND",
      "continent":3
   },
   "ae":{
      "language":"United Arab Emirates",
      "translated":"",
      "native":"UAE",
      "alpha-3":"ARE",
      "continent":2
   },
   "af":{
      "language":"Afghanistan",
      "translated":"",
      "native":"Afganestan",
      "alpha-3":"AFG",
      "continent":2
   },
   "ag":{
      "language":"Antigua",
      "translated":"",
      "native":"Barbuda",
      "alpha-3":"ATG",
      "continent":4
   },
   "al":{
      "language":"Albania",
      "translated":"",
      "native":"Shqipëri",
      "alpha-3":"ALB",
      "continent":3
   },
   "all":{
      "language":"All",
      "translated":"30325",
      "native":"All",
      "alpha-3":"ALL",
      "continent":7
   },
   "am":{
      "language":"Armenia",
      "translated":"",
      "native":"Hayastan",
      "alpha-3":"ARM",
      "continent":3
   },
   "ao":{
      "language":"Angola",
      "translated":"",
      "native":"Angola",
      "alpha-3":"AGO",
      "continent":1
   },
   "ar":{
      "language":"Argentina",
      "translated":"",
      "native":"Argentina",
      "alpha-3":"ARG",
      "continent":5
   },
   "at":{
      "language":"Austria",
      "translated":"",
      "native":"Österreich",
      "alpha-3":"AUT",
      "continent":3
   },
   "au":{
      "language":"Australia",
      "translated":"",
      "native":"Australia",
      "alpha-3":"AUS",
      "continent":6
   },
   "az":{
      "language":"Azerbaijan",
      "translated":"",
      "native":"Azərbaycan",
      "alpha-3":"AZE",
      "continent":3
   },
   "ba":{
      "language":"Bosnia",
      "translated":"",
      "native":"Bosna",
      "alpha-3":"BIH",
      "continent":3
   },
   "bb":{
      "language":"Barbados",
      "translated":"",
      "native":"Barbados",
      "alpha-3":"BRB",
      "continent":4
   },
   "bd":{
      "language":"Bangladesh",
      "translated":"",
      "native":"Bangladesh",
      "alpha-3":"BGD",
      "continent":2
   },
   "be":{
      "language":"Belgium",
      "translated":"59925",
      "native":"Belgique",
      "alpha-3":"BEL",
      "continent":3
   },
   "bf":{
      "language":"Burkina Faso",
      "translated":"",
      "native":"Burkina Faso",
      "alpha-3":"BFA",
      "continent":1
   },
   "bg":{
      "language":"Bulgaria",
      "translated":"",
      "native":"Bǎlgariya",
      "alpha-3":"BGR",
      "continent":3
   },
   "bh":{
      "language":"Bahrain",
      "translated":"",
      "native":"Al Bahrayn",
      "alpha-3":"BHR",
      "continent":2
   },
   "bi":{
      "language":"Burundi",
      "translated":"",
      "native":"Uburundi",
      "alpha-3":"BDI",
      "continent":1
   },
   "bj":{
      "language":"Benin",
      "translated":"",
      "native":"Benin",
      "alpha-3":"BEN",
      "continent":1
   },
   "bn":{
      "language":"Brunei",
      "translated":"",
      "native":"Brunei",
      "alpha-3":"BRN",
      "continent":2
   },
   "bo":{
      "language":"Bolivia",
      "translated":"",
      "native":"Bolivia",
      "alpha-3":"BOL",
      "continent":5
   },
   "br":{
      "language":"Brazil",
      "translated":"",
      "native":"Brasil",
      "alpha-3":"BRA",
      "continent":5
   },
   "bs":{
      "language":"Bahamas",
      "translated":"",
      "native":"Bahamas",
      "alpha-3":"BHS",
      "continent":4
   },
   "bt":{
      "language":"Bhutan",
      "translated":"",
      "native":"Druk Yul",
      "alpha-3":"BTN",
      "continent":2
   },
   "bw":{
      "language":"Botswana",
      "translated":"",
      "native":"Botswana",
      "alpha-3":"BWA",
      "continent":1
   },
   "by":{
      "language":"Belarus",
      "translated":"",
      "native":"Bielaruś",
      "alpha-3":"BLR",
      "continent":3
   },
   "bz":{
      "language":"Belize",
      "translated":"",
      "native":"Belize",
      "alpha-3":"BLZ",
      "continent":4
   },
   "ca":{
      "language":"Canada",
      "translated":"",
      "native":"Canada",
      "alpha-3":"CAN",
      "continent":4
   },
   "cd":{
      "language":"Congo Kinshasa",
      "translated":"",
      "native":"Congo",
      "alpha-3":"COD",
      "continent":1
   },
   "cf":{
      "language":"Central African Republic",
      "translated":"",
      "native":"CAR",
      "alpha-3":"CAF",
      "continent":1
   },
   "cg":{
      "language":"Congo Brazzaville",
      "translated":"",
      "native":"Congo",
      "alpha-3":"COG",
      "continent":1
   },
   "ch":{
      "language":"Switzerland",
      "translated":"",
      "native":"Swiss",
      "alpha-3":"CHE",
      "continent":3
   },
   "ci":{
      "language":"Ivory Coast",
      "translated":"",
      "native":"Cote dIvoire",
      "alpha-3":"CIV",
      "continent":1
   },
   "cl":{
      "language":"Chile",
      "translated":"",
      "native":"Chile",
      "alpha-3":"CHL",
      "continent":5
   },
   "cm":{
      "language":"Cameroon",
      "translated":"",
      "native":"Cameroun",
      "alpha-3":"CMR",
      "continent":1
   },
   "cn":{
      "language":"China",
      "translated":"",
      "native":"Zhōngguó",
      "alpha-3":"CHN",
      "continent":2
   },
   "co":{
      "language":"Colombia",
      "translated":"",
      "native":"Colombia",
      "alpha-3":"COL",
      "continent":5
   },
   "cr":{
      "language":"Costa Rica",
      "translated":"",
      "native":"Costa Rica",
      "alpha-3":"CRI",
      "continent":4
   },
   "cu":{
      "language":"Cuba",
      "translated":"",
      "native":"Cuba",
      "alpha-3":"CUB",
      "continent":4
   },
   "cv":{
      "language":"Cape Verde",
      "translated":"",
      "native":"Cabo Verde",
      "alpha-3":"CPV",
      "continent":1
   },
   "cy":{
      "language":"Cyprus",
      "translated":"",
      "native":"Cyprus",
      "alpha-3":"CYP",
      "continent":3
   },
   "cz":{
      "language":"Czech",
      "translated":"59926",
      "native":"Cesko",
      "alpha-3":"CZE",
      "continent":3
   },
   "de":{
      "language":"Germany",
      "translated":"59927",
      "native":"Deutschland",
      "alpha-3":"GER",
      "continent":3
   },
   "dj":{
      "language":"Djibouti",
      "translated":"",
      "native":"Djibouti",
      "alpha-3":"DJI",
      "continent":1
   },
   "dk":{
      "language":"Denmark",
      "translated":"59928",
      "native":"Danmark",
      "alpha-3":"DEN",
      "continent":3
   },
   "dm":{
      "language":"Dominica",
      "translated":"",
      "native":"Dominik",
      "alpha-3":"DMA",
      "continent":4
   },
   "do":{
      "language":"Dominican",
      "translated":"",
      "native":"Dominicana",
      "alpha-3":"DOM",
      "continent":4
   },
   "dz":{
      "language":"Algeria",
      "translated":"",
      "native":"Algeria",
      "alpha-3":"DZA",
      "continent":1
   },
   "ec":{
      "language":"Ecuador",
      "translated":"",
      "native":"Ecuador",
      "alpha-3":"ECU",
      "continent":5
   },
   "ee":{
      "language":"Estonia",
      "translated":"",
      "native":"Eesti",
      "alpha-3":"EST",
      "continent":3
   },
   "eg":{
      "language":"Egypt",
      "translated":"",
      "native":"Egypt",
      "alpha-3":"EGY",
      "continent":1
   },
   "er":{
      "language":"Eritrea",
      "translated":"",
      "native":"Ertra",
      "alpha-3":"ERI",
      "continent":1
   },
   "es":{
      "language":"Spain",
      "translated":"",
      "native":"España",
      "alpha-3":"ESP",
      "continent":3
   },
   "et":{
      "language":"Ethiopia",
      "translated":"",
      "native":"Ethiopia",
      "alpha-3":"ETH",
      "continent":1
   },
   "fi":{
      "language":"Finland",
      "translated":"",
      "native":"Suomi",
      "alpha-3":"FIN",
      "continent":3
   },
   "fj":{
      "language":"Fiji",
      "translated":"",
      "native":"Viti",
      "alpha-3":"FJI",
      "continent":6
   },
   "fm":{
      "language":"Micronesia",
      "translated":"",
      "native":"Micronesia",
      "alpha-3":"FSM",
      "continent":6
   },
   "fr":{
      "language":"France",
      "translated":"59929",
      "native":"France",
      "alpha-3":"FRA",
      "continent":3
   },
   "ga":{
      "language":"Gabon",
      "translated":"",
      "native":"Gabon",
      "alpha-3":"GAB",
      "continent":1
   },
   "gd":{
      "language":"Grenada",
      "translated":"",
      "native":"Grenada",
      "alpha-3":"GRD",
      "continent":4
   },
   "ge":{
      "language":"Georgia",
      "translated":"",
      "native":"Sakartvelo",
      "alpha-3":"GEO",
      "continent":3
   },
   "gh":{
      "language":"Ghana",
      "translated":"",
      "native":"Ghana",
      "alpha-3":"GHA",
      "continent":1
   },
   "gm":{
      "language":"Gambia",
      "translated":"",
      "native":"Gambia",
      "alpha-3":"GMB",
      "continent":1
   },
   "gn":{
      "language":"Guinea",
      "translated":"",
      "native":"Guinee",
      "alpha-3":"GIN",
      "continent":1
   },
   "gq":{
      "language":"Equatorial Guinea",
      "translated":"",
      "native":"Guinee Equatoriale",
      "alpha-3":"GNQ",
      "continent":1
   },
   "gr":{
      "language":"Greece",
      "translated":"",
      "native":"Elláda",
      "alpha-3":"GRC",
      "continent":3
   },
   "gt":{
      "language":"Guatemala",
      "translated":"",
      "native":"Guatemala",
      "alpha-3":"GTM",
      "continent":4
   },
   "gw":{
      "language":"Guinea Bissau",
      "translated":"",
      "native":"Bissau",
      "alpha-3":"GNB",
      "continent":1
   },
   "gy":{
      "language":"Guyana",
      "translated":"",
      "native":"Guyana",
      "alpha-3":"GUY",
      "continent":5
   },
   "hn":{
      "language":"Honduras",
      "translated":"",
      "native":"Honduras",
      "alpha-3":"HND",
      "continent":4
   },
   "hr":{
      "language":"Croatia",
      "translated":"59930",
      "native":"Hrvatska",
      "alpha-3":"HRT",
      "continent":3
   },
   "ht":{
      "language":"Haiti",
      "translated":"",
      "native":"Ayiti",
      "alpha-3":"HTI",
      "continent":4
   },
   "hu":{
      "language":"Hungary",
      "translated":"",
      "native":"Magyarország",
      "alpha-3":"HUN",
      "continent":3
   },
   "id":{
      "language":"Indonesia",
      "translated":"",
      "native":"Indonesia",
      "alpha-3":"IDN",
      "continent":2
   },
   "ie":{
      "language":"Ireland",
      "translated":"",
      "native":"Éire",
      "alpha-3":"IRL",
      "continent":3
   },
   "il":{
      "language":"Israel",
      "translated":"",
      "native":"Israil",
      "alpha-3":"ISR",
      "continent":2
   },
   "in":{
      "language":"India",
      "translated":"",
      "native":"Bhārat",
      "alpha-3":"IND",
      "continent":2
   },
   "iq":{
      "language":"Iraq",
      "translated":"",
      "native":"Iraq",
      "alpha-3":"IRQ",
      "continent":2
   },
   "ir":{
      "language":"Iran",
      "translated":"",
      "native":"Persia",
      "alpha-3":"IRN",
      "continent":2
   },
   "is":{
      "language":"Iceland",
      "translated":"",
      "native":"Island",
      "alpha-3":"ISL",
      "continent":3
   },
   "it":{
      "language":"Italy",
      "translated":"59931",
      "native":"Italia",
      "alpha-3":"ITA",
      "continent":3
   },
   "jm":{
      "language":"Jamaica",
      "translated":"",
      "native":"Jamaica",
      "alpha-3":"JAM",
      "continent":4
   },
   "jo":{
      "language":"Jordan",
      "translated":"",
      "native":"Al Urdunn",
      "alpha-3":"JOR",
      "continent":2
   },
   "jp":{
      "language":"Japan",
      "translated":"",
      "native":"Nippon",
      "alpha-3":"JPN",
      "continent":2
   },
   "ke":{
      "language":"Kenya",
      "translated":"",
      "native":"Kenya",
      "alpha-3":"KEN",
      "continent":1
   },
   "kg":{
      "language":"Kyrgyzstan",
      "translated":"",
      "native":"Kyrgyz",
      "alpha-3":"KGZ",
      "continent":2
   },
   "kh":{
      "language":"Cambodia",
      "translated":"",
      "native":"Kampuchea",
      "alpha-3":"KHM",
      "continent":2
   },
   "ki":{
      "language":"Kiribati",
      "translated":"",
      "native":"Kiribati",
      "alpha-3":"KIR",
      "continent":6
   },
   "km":{
      "language":"Comoros",
      "translated":"",
      "native":"Comoros",
      "alpha-3":"COM",
      "continent":1
   },
   "kn":{
      "language":"Saint Kitts",
      "translated":"",
      "native":"Nevis",
      "alpha-3":"KNA",
      "continent":4
   },
   "kp":{
      "language":"North Korea",
      "translated":"",
      "native":"Gonghwaguk",
      "alpha-3":"PRK",
      "continent":2
   },
   "kr":{
      "language":"South Korea",
      "translated":"",
      "native":"Daehan Minguk",
      "alpha-3":"KOR",
      "continent":2
   },
   "kw":{
      "language":"Kuwait",
      "translated":"",
      "native":"Al Kuwayt",
      "alpha-3":"KWT",
      "continent":2
   },
   "kz":{
      "language":"Kazakhstan",
      "translated":"",
      "native":"Qazaqstan",
      "alpha-3":"KAZ",
      "continent":3
   },
   "la":{
      "language":"Laos",
      "translated":"",
      "native":"Lao",
      "alpha-3":"LAO",
      "continent":2
   },
   "lb":{
      "language":"Lebanon",
      "translated":"",
      "native":"Lubnan",
      "alpha-3":"LBN",
      "continent":2
   },
   "lc":{
      "language":"Saint Lucia",
      "translated":"",
      "native":"Sainte Lucie",
      "alpha-3":"LCA",
      "continent":4
   },
   "li":{
      "language":"Liechtenstein",
      "translated":"",
      "native":"Liechtenstein",
      "alpha-3":"LIE",
      "continent":3
   },
   "lk":{
      "language":"Sri Lanka",
      "translated":"",
      "native":"Ilankai",
      "alpha-3":"LKA",
      "continent":2
   },
   "lr":{
      "language":"Liberia",
      "translated":"",
      "native":"Liberia",
      "alpha-3":"LBR",
      "continent":1
   },
   "ls":{
      "language":"Lesotho",
      "translated":"",
      "native":"Lesotho",
      "alpha-3":"LSO",
      "continent":1
   },
   "lt":{
      "language":"Lithuania",
      "translated":"",
      "native":"Lietuva",
      "alpha-3":"LTU",
      "continent":3
   },
   "lu":{
      "language":"Luxembourg",
      "translated":"",
      "native":"Lëtzebuerg",
      "alpha-3":"LUX",
      "continent":3
   },
   "lv":{
      "language":"Latvia",
      "translated":"",
      "native":"Latvija",
      "alpha-3":"LVA",
      "continent":3
   },
   "ly":{
      "language":"Libya",
      "translated":"",
      "native":"Libya",
      "alpha-3":"LBY",
      "continent":1
   },
   "ma":{
      "language":"Morocco",
      "translated":"",
      "native":"Morocco",
      "alpha-3":"MAR",
      "continent":1
   },
   "mc":{
      "language":"Monaco",
      "translated":"",
      "native":"Mùnegu",
      "alpha-3":"MCO",
      "continent":3
   },
   "md":{
      "language":"Moldova",
      "translated":"",
      "native":"Moldova",
      "alpha-3":"MDA",
      "continent":3
   },
   "me":{
      "language":"Montenegro",
      "translated":"",
      "native":"Crna Gora",
      "alpha-3":"MNE",
      "continent":3
   },
   "mg":{
      "language":"Madagascar",
      "translated":"",
      "native":"Madagasikara",
      "alpha-3":"MDG",
      "continent":1
   },
   "mh":{
      "language":"Marshall Islands",
      "translated":"",
      "native":"Marshall Islands",
      "alpha-3":"MHL",
      "continent":6
   },
   "mk":{
      "language":"Macedonia",
      "translated":"",
      "native":"Makedonia",
      "alpha-3":"MKD",
      "continent":3
   },
   "ml":{
      "language":"Mali",
      "translated":"",
      "native":"Mali",
      "alpha-3":"MLI",
      "continent":1
   },
   "mm":{
      "language":"Myanmar",
      "translated":"",
      "native":"Burma",
      "alpha-3":"MMR",
      "continent":2
   },
   "mn":{
      "language":"Mongolia",
      "translated":"",
      "native":"Mongol",
      "alpha-3":"MNG",
      "continent":2
   },
   "mr":{
      "language":"Mauritania",
      "translated":"",
      "native":"Mauritanie",
      "alpha-3":"MRT",
      "continent":1
   },
   "mt":{
      "language":"Malta",
      "translated":"",
      "native":"Malta",
      "alpha-3":"MLT",
      "continent":3
   },
   "mu":{
      "language":"Mauritius",
      "translated":"",
      "native":"Moris",
      "alpha-3":"MUS",
      "continent":1
   },
   "mv":{
      "language":"Maldives",
      "translated":"",
      "native":"Dhivehi Raajje",
      "alpha-3":"MDV",
      "continent":2
   },
   "mw":{
      "language":"Malawi",
      "translated":"",
      "native":"Malawi",
      "alpha-3":"MWI",
      "continent":1
   },
   "mx":{
      "language":"Mexico",
      "translated":"",
      "native":"México",
      "alpha-3":"MEX",
      "continent":4
   },
   "my":{
      "language":"Malaysia",
      "translated":"",
      "native":"Malay",
      "alpha-3":"MYS",
      "continent":2
   },
   "mz":{
      "language":"Mozambique",
      "translated":"",
      "native":"Mocambique",
      "alpha-3":"MOZ",
      "continent":1
   },
   "na":{
      "language":"Namibia",
      "translated":"",
      "native":"Namibia",
      "alpha-3":"NAM",
      "continent":1
   },
   "ne":{
      "language":"Niger",
      "translated":"",
      "native":"Nijar",
      "alpha-3":"NER",
      "continent":1
   },
   "ng":{
      "language":"Nigeria",
      "translated":"",
      "native":"Nigeria",
      "alpha-3":"NGA",
      "continent":1
   },
   "ni":{
      "language":"Nicaragua",
      "translated":"",
      "native":"Nicaragua",
      "alpha-3":"NIC",
      "continent":4
   },
   "nl":{
      "language":"Netherlands",
      "translated":"",
      "native":"Holland",
      "alpha-3":"NLD",
      "continent":3
   },
   "no":{
      "language":"Norway",
      "translated":"59932",
      "native":"Norge",
      "alpha-3":"NOR",
      "continent":3
   },
   "np":{
      "language":"Nepal",
      "translated":"",
      "native":"Nepal",
      "alpha-3":"NPL",
      "continent":2
   },
   "nr":{
      "language":"Nauru",
      "translated":"",
      "native":"Naoero",
      "alpha-3":"NRU",
      "continent":6
   },
   "nz":{
      "language":"New Zealand",
      "translated":"",
      "native":"Aotearoa",
      "alpha-3":"NZL",
      "continent":6
   },
   "om":{
      "language":"Oman",
      "translated":"",
      "native":"Uman",
      "alpha-3":"OMN",
      "continent":2
   },
   "pa":{
      "language":"Panama",
      "translated":"",
      "native":"Panamá",
      "alpha-3":"PAN",
      "continent":4
   },
   "pe":{
      "language":"Peru",
      "translated":"",
      "native":"Peru",
      "alpha-3":"PER",
      "continent":5
   },
   "pg":{
      "language":"Papua New Guinea",
      "translated":"",
      "native":"Papua",
      "alpha-3":"PNG",
      "continent":6
   },
   "ph":{
      "language":"Philippines",
      "translated":"",
      "native":"Pilipinas",
      "alpha-3":"PHL",
      "continent":2
   },
   "pk":{
      "language":"Pakistan",
      "translated":"",
      "native":"Pakistan",
      "alpha-3":"PAK",
      "continent":2
   },
   "pl":{
      "language":"Poland",
      "translated":"59933",
      "native":"Polska",
      "alpha-3":"POL",
      "continent":3
   },
   "ps":{
      "language":"Palestine",
      "translated":"",
      "native":"Filastin",
      "alpha-3":"PSE",
      "continent":2
   },
   "pt":{
      "language":"Portugal",
      "translated":"",
      "native":"Portugal",
      "alpha-3":"PRT",
      "continent":3
   },
   "pw":{
      "language":"Palau",
      "translated":"",
      "native":"Beluu",
      "alpha-3":"PLW",
      "continent":6
   },
   "py":{
      "language":"Paraguay",
      "translated":"",
      "native":"Paraguay",
      "alpha-3":"PRY",
      "continent":5
   },
   "qa":{
      "language":"Qatar",
      "translated":"",
      "native":"Qatar",
      "alpha-3":"QAT",
      "continent":2
   },
   "radio":{
      "language":"Radio",
      "translated":"",
      "native":"Radio",
      "alpha-3":"RADIO",
      "continent":-1
   },
   "ro":{
      "language":"Romania",
      "translated":"",
      "native":"România",
      "alpha-3":"ROU",
      "continent":3
   },
   "ru":{
      "language":"Russia",
      "translated":"",
      "native":"Rossiya",
      "alpha-3":"RUS",
      "continent":3
   },
   "rw":{
      "language":"Rwanda",
      "translated":"",
      "native":"Rwanda",
      "alpha-3":"RWA",
      "continent":1
   },
   "sa":{
      "language":"Saudi Arabia",
      "translated":"",
      "native":"Saudi Arabia",
      "alpha-3":"SAU",
      "continent":2
   },
   "sb":{
      "language":"Solomon Islands",
      "translated":"",
      "native":"Solomon Islands",
      "alpha-3":"SLB",
      "continent":6
   },
   "sc":{
      "language":"Seychelles",
      "translated":"",
      "native":"Seychelles",
      "alpha-3":"SYC",
      "continent":1
   },
   "sd":{
      "language":"Sudan",
      "translated":"",
      "native":"As Sudan",
      "alpha-3":"SDN",
      "continent":1
   },
   "se":{
      "language":"Sweden",
      "translated":"59934",
      "native":"Sverige",
      "alpha-3":"SWE",
      "continent":3
   },
   "sg":{
      "language":"Singapore",
      "translated":"",
      "native":"Singapur",
      "alpha-3":"SGP",
      "continent":2
   },
   "si":{
      "language":"Slovenia",
      "translated":"",
      "native":"Slovenija",
      "alpha-3":"SVN",
      "continent":3
   },
   "sk":{
      "language":"Slovakia",
      "translated":"",
      "native":"Slovensko",
      "alpha-3":"SVK",
      "continent":3
   },
   "sl":{
      "language":"Sierra Leone",
      "translated":"",
      "native":"Salone",
      "alpha-3":"SLE",
      "continent":1
   },
   "sm":{
      "language":"San Marino",
      "translated":"",
      "native":"San Marein",
      "alpha-3":"SMR",
      "continent":3
   },
   "sn":{
      "language":"Senegal",
      "translated":"",
      "native":"Senegaal",
      "alpha-3":"SEN",
      "continent":1
   },
   "so":{
      "language":"Somalia",
      "translated":"",
      "native":"Soomaaliya",
      "alpha-3":"SOM",
      "continent":1
   },
   "sr":{
      "language":"Suriname",
      "translated":"",
      "native":"Surinam",
      "alpha-3":"SUR",
      "continent":5
   },
   "srb":{
      "language":"Serbia",
      "translated":"59935",
      "native":"Srbija",
      "alpha-3":"RS",
	  "alpha-4":"ex Yu",
      "continent":3
   },
   "ss":{
      "language":"South Sudan",
      "translated":"",
      "native":"Sudan",
      "alpha-3":"SSD",
      "continent":1
   },
   "sv":{
      "language":"El Salvador",
      "translated":"",
      "native":"El Salvador",
      "alpha-3":"SLV",
      "continent":4
   },
   "sy":{
      "language":"Syria",
      "translated":"",
      "native":"Suriya",
      "alpha-3":"SYR",
      "continent":2
   },
   "sz":{
      "language":"Swaziland",
      "translated":"",
      "native":"Eswatini",
      "alpha-3":"SWZ",
      "continent":1
   },
   "td":{
      "language":"Chad",
      "translated":"",
      "native":"Tchad",
      "alpha-3":"TCD",
      "continent":1
   },
   "tg":{
      "language":"Togo",
      "translated":"",
      "native":"Togo",
      "alpha-3":"TGO",
      "continent":1
   },
   "th":{
      "language":"Thailand",
      "translated":"",
      "native":"Thailand",
      "alpha-3":"THA",
      "continent":2
   },
   "tj":{
      "language":"Tajikistan",
      "translated":"",
      "native":"Tajikestan",
      "alpha-3":"TJK",
      "continent":2
   },
   "tl":{
      "language":"East Timor",
      "translated":"",
      "native":"Timor Leste",
      "alpha-3":"TMP",
      "continent":2
   },
   "tm":{
      "language":"Turkmenistan",
      "translated":"",
      "native":"Türkmenistan",
      "alpha-3":"TKM",
      "continent":2
   },
   "tn":{
      "language":"Tunisia",
      "translated":"",
      "native":"Tunisia",
      "alpha-3":"TUN",
      "continent":1
   },
   "to":{
      "language":"Tonga",
      "translated":"",
      "native":"Tonga",
      "alpha-3":"TON",
      "continent":6
   },
   "tr":{
      "language":"Turkey",
      "translated":"",
      "native":"Türkiye",
      "alpha-3":"TUR",
      "continent":3
   },
   "tt":{
      "language":"Trinidad Tobago",
      "translated":"",
      "native":"Trinidad",
      "alpha-3":"TTO",
      "continent":4
   },
   "tuv":{
      "language":"Tuvalu",
      "translated":"",
      "native":"Tuvalu",
      "alpha-3":"TUV",
      "continent":6
   },
   "tw":{
      "language":"Taiwan",
      "translated":"",
      "native":"Zhonghua Minguo",
      "alpha-3":"TWN",
      "continent":2
   },
   "tz":{
      "language":"Tanzania",
      "translated":"",
      "native":"Tanzania",
      "alpha-3":"TZA",
      "continent":1
   },
   "ua":{
      "language":"Ukraine",
      "translated":"",
      "native":"Ukraina",
      "alpha-3":"UKR",
      "continent":3
   },
   "ug":{
      "language":"Uganda",
      "translated":"",
      "native":"Uganda",
      "alpha-3":"UGA",
      "continent":1
   },
   "uk":{
      "language":"United Kingdom",
      "translated":"59936",
      "native":"United Kingdom",
      "alpha-3":"ENG",
      "continent":3
   },
   "us":{
      "language":"United States",
      "translated":"59937",
      "native":"America",
      "alpha-3":"USA",
      "continent":4
   },
   "uy":{
      "language":"Uruguay",
      "translated":"",
      "native":"Uruguay",
      "alpha-3":"URY",
      "continent":5
   },
   "uz":{
      "language":"Uzbekistan",
      "translated":"",
      "native":"Ozbekiston",
      "alpha-3":"UZB",
      "continent":2
   },
   "vc":{
      "language":"Saint Vincent",
      "translated":"",
      "native":"Grenadines",
      "alpha-3":"VCT",
      "continent":4
   },
   "ve":{
      "language":"Venezuela",
      "translated":"",
      "native":"Venezuela",
      "alpha-3":"VEN",
      "continent":5
   },
   "vn":{
      "language":"Vietnam",
      "translated":"",
      "native":"Vietnam",
      "alpha-3":"VNM",
      "continent":2
   },
   "vu":{
      "language":"Vanuatu",
      "translated":"",
      "native":"Vanuatu",
      "alpha-3":"VUT",
      "continent":6
   },
   "ws":{
      "language":"Samoa",
      "translated":"",
      "native":"Sāmoa",
      "alpha-3":"WSM",
      "continent":6
   },
   "xk":{
      "language":"Kosovo",
      "translated":"",
      "native":"Kosovo",
      "alpha-3":"ALB",
      "continent":3
   },
   "ye":{
      "language":"Yemen",
      "translated":"",
      "native":"Yemen",
      "alpha-3":"YEM",
      "continent":2
   },
   "za":{
      "language":"South Africa",
      "translated":"",
      "native":"RSA",
      "alpha-3":"ZAF",
      "continent":1
   },
   "zm":{
      "language":"Zambia",
      "translated":"",
      "native":"Zambia",
      "alpha-3":"ZMB",
      "continent":1
   },
   "zw":{
      "language":"Zimbabwe",
      "translated":"",
      "native":"Zimbabwe",
      "alpha-3":"ZWE",
      "continent":1
   }
}