<?xml version="1.0" encoding="UTF-8"?>
<window>
	<defaultcontrol always="true">7000</defaultcontrol>
	<controls>
		<control type="group">
			<animation effect="fade" start="0" end="100" time="100">WindowOpen</animation>
			<animation effect="fade" start="100" end="0" time="100">WindowClose</animation>
			<animation effect="fade" start="100" end="75" time="0" condition="true">Conditional</animation>
			<visible>!Window.IsActive(fullscreenvideo)</visible>
			<control type="image">
				<depth>-0.80</depth>
				<left>0</left>
				<top>0</top>
				<width>100%</width>
				<height>100%</height>
				<aspectratio>scale</aspectratio>
				<texture colordiffuse="primary_background">special://skin/extras/backgrounds/primary.jpg</texture>
			</control>
			<control type="image">
				<depth>-0.80</depth>
				<left>0</left>
				<top>0</top>
				<width>100%</width>
				<height>100%</height>
				<aspectratio>scale</aspectratio>
				<texture colordiffuse="secondary_background" fallback="special://skin/extras/backgrounds/pattern1.jpg">$INFO[Skin.String(background_overlay),special://skin/extras/backgrounds/pattern,.jpg]</texture>
			</control>
		</control>
		<control type="group">
			<depth>DepthOSD</depth>
			<animation effect="fade" start="100" end="0" time="200" tween="sine" condition="$EXP[infodialog_active]">Conditional</animation>
			<control type="group">
				<animation effect="fade" end="100" time="200">WindowOpen</animation>
				<animation effect="fade" start="100" end="0" time="200">WindowClose</animation>
				<animation type="WindowOpen">
					<effect type="fade" start="0" end="100" time="300" tween="sine" easing="out" />
					<effect type="slide" start="-320" end="0" time="400" tween="cubic" easing="out" />
				</animation>
				<animation type="WindowClose">
					<effect type="fade" start="100" end="0" time="300" tween="sine" easing="out" />
					<effect type="slide" start="0" end="-320" time="300" tween="cubic" easing="out" />
				</animation>	
				<control type="image">
					<texture flipx="false" colordiffuse="EDFFFFFF">../../skin.default/media/dialogs/panel.png</texture>
					<bordertexture border="21">../../skin.default/media/dialogs/shadow.png</bordertexture>
					<bordersize>20</bordersize>
					<width>840</width>
					<left>-40</left>
					<right></right>
					<top>-10%</top>
					<height>120%</height>
				</control>

				<control type="fixedlist" id="7000">
					<left>0</left>
					<top>100</top>
					<width>1900</width>
					<bottom>0</bottom>
					<onleft>60</onleft>
					<onright>60</onright>
					<onup>7000</onup>
					<ondown>7000</ondown>
					<pagecontrol>60</pagecontrol>
					<scrolltime tween="cubic" easing="out">500</scrolltime>
					<movement>4</movement>
					<focusposition>4</focusposition>
					<itemlayout height="90" width="1900">
						<control type="label">
							<left>20</left>
							<width>150</width>
							<bottom>0</bottom>
							<aligny>center</aligny>
							<textcolor>grey</textcolor>
							<label>$INFO[ListItem.Property(StartTime)]</label>
						</control>
						<control type="label">
							<left>150</left>
							<width>610</width>
							<bottom>0</bottom>
							<align>right</align>
							<aligny>center</aligny>
							<label>$INFO[ListItem.Title]</label>
						</control>
					</itemlayout>
					<focusedlayout height="90" width="1900">
						<control type="image">
							<left>0</left>
							<width>780</width>
							<bottom>0</bottom>
							<texture colordiffuse="button_focus">lists/focus.png</texture>
							<visible>Control.HasFocus(7000)</visible>
							<animation effect="fade" start="100" end="0" time="0">UnFocus</animation>
						</control>
						<control type="label">
							<left>20</left>
							<width>150</width>
							<bottom>0</bottom>
							<aligny>center</aligny>
							<label>$INFO[ListItem.Property(StartTime)]</label>
						</control>
						<control type="label">
							<left>150</left>
							<width>610</width>
							<bottom>0</bottom>
							<align>right</align>
							<aligny>center</aligny>
							<label>$INFO[ListItem.Title]</label>
							<scroll>true</scroll>
						</control>
						<control type="group">
							<visible>!String.IsEmpty(ListItem.Plot) + Control.HasFocus(7000)</visible>
							<animation effect="fade" start="0" end="100" time="200">Focus</animation>
							<control type="image">
								<left>772</left>
								<top>-100</top>
								<width>1210</width>
								<height>350</height>
								<texture border="40">../../skin.default/media/dialogs/dialogbutton-nofo.png</texture>
							</control>
							<control type="image">
								<left>805</left>
								<top>-65</top>
								<width>320</width>
								<height>280</height>
								<aspectratio align="center" aligny="center">keep</aspectratio>
								<texture fallback="../../skin.default/media/tvguide-logo-epg.png" >$INFO[Listitem.Icon]</texture>
							</control>
							<control type="textbox">
								<left>1135</left>
								<top>-70</top>
								<width>760</width>
								<height>290</height>
								<label>$INFO[ListItem.Plot]</label>
								<autoscroll time="3000" delay="4000" repeat="5000">Skin.HasSetting(AutoScroll)</autoscroll>
							</control>
						</control>
					</focusedlayout>
				</control>
				<control type="scrollbar" id="60">
					<left>768</left>
					<top>100</top>
					<width>12</width>
					<bottom>0</bottom>
					<onleft>7000</onleft>
					<onright>7000</onright>
					<texturesliderbackground />
					<animation effect="zoom" start="100,100" end="50,100" center="780,0" time="300" tween="sine" easing="inout" condition="!Control.HasFocus(60)">conditional</animation>
				</control>
			</control>
			<control type="image">
				<left>0</left>
				<bottom>0</bottom>
				<width>100%</width>
				<height>115</height>
				<texture flipy="true">../../skin.default/media/dialogs/infobar.png</texture>
			</control>
			<control type="group">
				<include>Animation_TopSlide</include>
				<control type="image">
					<left>0</left>
					<width>780</width>
					<height>110</height>
					<texture>../../skin.default/media/dialogs/infobar.png</texture>
				</control>
				<control type="label" id="2">
					<description>header label</description>
					<textoffsetx>40</textoffsetx>
					<width>1300</width>
					<height>70</height>
					<font>font45</font>
					<aligny>center</aligny>
					<label>$LOCALIZE[19069]$INFO[Container(7000).ListItem.Property(StartDate), - ]</label>
					<shadowcolor>black</shadowcolor>
				</control>
			</control>
		</control>
	</controls>
</window>
