<?xml version="1.0" encoding="utf-8"?>
<window type="dialog">
	<defaultcontrol always="true">1000</defaultcontrol>
	<aspectratio>scale</aspectratio>
	<coordinates>
		<system>1</system><posx>0</posx><posy>0</posy>
	</coordinates>
	<controls>

       <control type="group">
	
		<!-- Background -->
		<control type="image">
			<posx>0</posx>
			<posy>0</posy>
			<width>1920</width>
			<height>1080</height>
			<aspectratio>scale</aspectratio>
			<texture fallback="tvguide-background-default.jpg" colordiffuse="primary_background">$INFO[Skin.String(CustomDefaultBackground.path)]</texture>
			<aspectratio>scale</aspectratio>			
		</control>
		
		<control type="image">
			<depth>DepthBackground</depth>
			<posx>0</posx>
			<posy>0</posy>
			<width>1920</width>
			<height>1080</height>
			<aspectratio>scale</aspectratio>
			<texture colordiffuse="secondary_background" fallback="special://skin/extras/backgrounds/pattern1.jpg">$INFO[Skin.String(background_overlay),special://skin/extras/backgrounds/pattern,.jpg]</texture>
			<animation type="Conditional" condition="Control.IsVisible(5000)">
				<effect type="fade" start="100" end="0" time="0"/>
			</animation>
		</control>
	</control>
		
		<!-- Video Background -->
		<control type="videowindow">
			<posx>0</posx>
			<posy>0</posy>
			<width>1920</width>
			<height>1080</height>
			<animation type="Conditional" condition="!Control.IsVisible(5000)">
			</animation>
			<visible>Player.HasVideo</visible>
		</control>
		
		<!-- Background video -->
		<control type="image">
			<posx>0</posx>
			<posy>0</posy>
			<width>1920</width>
			<height>1080</height>
			<aspectratio>scale</aspectratio>
			<texture colordiffuse="E5181818">osd/white.png</texture>
			<aspectratio>scale</aspectratio>
			<!--<colordiffuse>FF000000</colordiffuse>-->
			<animation type="Conditional" condition="!Control.IsVisible(5000)">
			</animation>
			<visible>Player.HasVideo + !Control.IsVisible(5000)</visible>
		</control>
		
		<!-- InfoBar -->
		<control type="image">
			<posx>0</posx>
			<posy>0</posy>
			<width>100%</width>
			<height>130</height>
			<texture colordiffuse="">dialogs/infobar.png</texture>
			<!--<animation type="WindowClose">
				<effect type="fade" start="100" end="0" time="300" />
			</animation>-->	
			<visible>!Control.IsVisible(5000)</visible>
		</control>
			
		<control type="image">
			<posx>0</posx>
			<posy>965</posy>
			<width>100%</width>
			<height>115</height>
			<texture flipy="true" colordiffuse="">dialogs/infobar.png</texture>
			<!--<animation type="WindowClose">
				<effect type="fade" start="100" end="0" time="300" />
			</animation>-->
			<visible>!Control.IsVisible(5000)</visible>
		</control>
		
		<control type="image">
			<top>130</top>
			<left>0</left>
			<width>1920</width>
			<height>55</height>
			<texture colordiffuse="E6FFFFFF">dialogs/dialog-bg-nobo.png</texture>
			<animation type="WindowOpen" reversible="false">
				<effect type="zoom" start="80" end="100" center="960,540" delay="160" tween="back" time="240" />
				<effect type="fade" delay="160" end="100" time="240" />
			</animation>
			<animation type="WindowClose" reversible="false">
				<effect type="zoom" start="100" end="80" center="960,540" easing="in" tween="back" time="240" />
				<effect type="fade" start="100" end="0" time="240" />
			</animation>
			<visible>!Control.IsVisible(5000)</visible>
		</control>
		
		<control type="image">
			<top>185</top>
			<left>0</left>
			<width>1920</width>
			<height>1080</height>
			<texture colordiffuse="E6FFFFFF">dialogs/dialog-bg-nobo.png</texture>
			<animation type="WindowOpen" reversible="false">
				<effect type="zoom" start="80" end="100" center="960,540" delay="160" tween="back" time="240" />
				<effect type="fade" delay="160" end="100" time="240" />
			</animation>
			<animation type="WindowClose" reversible="false">
				<effect type="zoom" start="100" end="80" center="960,540" easing="in" tween="back" time="240" />
				<effect type="fade" start="100" end="0" time="240" />
			</animation>
			<visible>!Control.IsVisible(5000)</visible>
		</control>
		
		<!-- Menu -->	
		<control type="image">
			<left>130</left>
			<top>40</top>
			<aspectratio>keep</aspectratio>
			<width>192</width>
			<height>36</height>
			<texture>dialogs/logo-text.png</texture>
			<animation effect="slide" end="0,-112" time="300" tween="sine" easing="inout" condition="Window.IsActive(DialogInfo.xml)">conditional</animation>	
			<visible>!Control.IsVisible(5000)</visible>
		</control>
		
		<control type="image">
			<top>30</top>
			<left>90</left>
			<aspectratio>keep</aspectratio>
			<width>56</width>
			<height>56</height>
			<texture colordiffuse="button_focus">dialogs/mk_logo.png</texture>
			<animation effect="slide" end="0,-112" time="300" tween="sine" easing="inout" condition="Window.IsActive(DialogInfo.xml)">conditional</animation>	
			<visible>!Control.IsVisible(5000)</visible>
		</control>
		
		<control type="label">
			<description>Time</description>
			<top>0</top>
			<align>right</align>
			<right>20</right>
			<orientation>horizontal</orientation>
			<font>font_clock</font>
			<textcolor>FFF0F0F0</textcolor>
			<shadowcolor>22000000</shadowcolor>
			<height>96.5</height>
			<width>900</width>
			<label>$INFO[System.Time]</label>
			<animation effect="slide" end="0,-90" time="300" tween="sine" easing="inout" condition="Window.IsActive(DialogInfo.xml)|Window.IsVisible(extendedprogressdialog)">conditional</animation>
			<animation type="WindowOpen">
			<effect type="fade" start="0" end="100" time="200" tween="sine" easing="out"/>
			</animation>
		</control>

        <control type="label" id="1001">
            <description>Title</description>
            <left>1145</left>
            <top>144</top>
            <width>450</width>
            <height>30</height>
            <font>font13</font>
            <textcolor>FF11E7B1</textcolor>
            <align>center</align>
            <aligny>center</aligny>
            <label>Title</label>
            <scroll>true</scroll>
			<animation type="Conditional" condition="Window.IsVisible(DialogInfo.xml)" reversible="false">
				<effect type="zoom" start="80" end="100" center="960,540" delay="160" tween="back" time="240" />
				<effect type="fade" delay="160" end="100" time="240" />
			</animation>
			<animation type="WindowOpen" reversible="false">
				<effect type="zoom" start="80" end="100" center="960,540" delay="160" tween="back" time="240" />
				<effect type="fade" delay="160" end="100" time="240" />
			</animation>
			<animation type="WindowClose" reversible="false">
				<effect type="zoom" start="100" end="80" center="960,540" easing="in" tween="back" time="240" />
				<effect type="fade" start="100" end="0" time="240" />
			</animation>
			<visible>!Control.IsVisible(5000)</visible>
        </control>

        <control type="group">
            <description>Program List</description>
			<animation type="Conditional" condition="Window.IsVisible(DialogInfo.xml)" reversible="false">
				<effect type="zoom" start="80" end="100" center="960,540" delay="160" tween="back" time="240" />
				<effect type="fade" delay="160" end="100" time="240" />
			</animation>
			<animation type="WindowOpen" reversible="false">
				<effect type="zoom" start="80" end="100" center="960,540" delay="160" tween="back" time="240" />
				<effect type="fade" delay="160" end="100" time="240" />
			</animation>
			<animation type="WindowClose" reversible="false">
				<effect type="zoom" start="100" end="80" center="960,540" easing="in" tween="back" time="240" />
				<effect type="fade" start="100" end="0" time="240" />
			</animation>
			<visible>!Control.IsVisible(5000)</visible>
            <control type="group">
                <left>0</left>
                <top>134</top>
                <control type="label">
                    <description>Channel label</description>
                    <left>225</left>
                    <top>0</top>
                    <width>270</width>
                    <height>49</height>
                    <font>font13</font>
                    <textcolor>button_focus</textcolor>
                    <align>left</align>
                    <aligny>center</aligny>
                    <label>$ADDON[script.mtvguide 70001]</label>
                </control>
                <control type="label">
                    <description>Time label</description>
                    <left>525</left>
                    <top>0</top>
                    <width>300</width>
                    <height>49</height>
                    <font>font13</font>
                    <textcolor>button_focus</textcolor>
                    <align>left</align>
                    <aligny>center</aligny>
                    <label>$ADDON[script.mtvguide 30313]</label>
                </control>
                <control type="label">
                    <description>Length</description>
                    <left>720</left>
                    <top>0</top>
                    <width>150</width>
                    <height>49</height>
                    <font>font13</font>
                    <textcolor>button_focus</textcolor>
                    <align>right</align>
                    <aligny>center</aligny>
                    <label>$ADDON[script.mtvguide 30314]</label>
                </control>
                <control type="label">
                    <description>Title</description>
                    <left>1050</left>
                    <top>0</top>
                    <width>825</width>
                    <height>49</height>
                    <font>font13</font>
                    <textcolor>button_focus</textcolor>
                    <align>left</align>
                    <aligny>center</aligny>
                    <label>$ADDON[script.mtvguide 30316]</label>
                </control>
                <control type="image">
                    <description>separator image</description>
                    <left>0</left>
                    <top>51</top>
                    <width>1920</width>
                    <height>3</height>
                    <colordiffuse>88FFFFFF</colordiffuse>
                    <texture colordiffuse="AAAAAAAA" border="3">dialogs/separator-grey.png</texture>
                </control>
                <control type="list" id="1000">
                    <viewtype label="19030">list</viewtype>
                    <left>0</left>
                    <top>55</top>
                    <width>1920</width>
                    <height>879</height>
                    <onup>1000</onup>
                    <ondown>1000</ondown>
                    <onleft></onleft>
                    <onright></onright>
                    <pagecontrol></pagecontrol>
                    <itemlayout height="59">
                        <control type="image">
                            <left>30</left>
                            <top>5</top>
                            <width>150</width>
                            <height>56</height>
                            <info>ListItem.Icon</info>
                            <aspectratio>keep</aspectratio>
                        </control>
                        <control type="label">
                            <left>225</left>
                            <top>0</top>
                            <width>300</width>
                            <height>60</height>
                            <font>font13</font>
                            <textcolor>FFA0A0A0</textcolor>
                            <align>left</align>
                            <aligny>center</aligny>
                            <info>ListItem.Property(ChannelName)</info>
                        </control>
                        <control type="label">
                            <left>525</left>
                            <top>0</top>
                            <width>300</width>
                            <height>60</height>
                            <font>font13</font>
                            <textcolor>FFA0A0A0</textcolor>
                            <align>left</align>
                            <aligny>center</aligny>
                            <info>ListItem.Property(StartTime)</info>
                        </control>
                        <control type="label">
                            <left>745</left>
                            <top>0</top>
                            <width>150</width>
                            <height>60</height>
                            <font>font13</font>
                            <textcolor>FFA0A0A0</textcolor>
                            <align>right</align>
                            <aligny>center</aligny>
                            <info>ListItem.Property(Duration)</info>
                        </control>
                        <control type="progress">
                            <left>915</left>
                            <top>30</top>
                            <width>120</width>
                            <height>6</height>
                            <lefttexture />
                            <righttexture />
                            <texturebg>list\tvg-progress-bg.png</texturebg>
                            <midtexture>list\tvg-progress-mid.png</midtexture>
                            <info>ListItem.Property(Completed)</info>
                            <visible>ListItem.Property(Completed)</visible>
                        </control>
                        <control type="label">
                            <left>910</left>
                            <top>0</top>
                            <width>130</width>
                            <height>60</height>
                            <font>font12</font>
                            <textcolor>FFA0A0A0</textcolor>
                            <align>left</align>
                            <aligny>center</aligny>
                            <info>ListItem.Property(When)</info>
                        </control>
                        <control type="label">
                            <description>Program Title</description>
                            <left>1050</left>
                            <top>0</top>
                            <width>825</width>
                            <height>60</height>
                            <font>font13</font>
                            <textcolor>FFA0A0A0</textcolor>
                            <align>left</align>
                            <aligny>center</aligny>
                            <info>ListItem.Label</info>
                        </control>
                    </itemlayout>
                    <focusedlayout height="160">
                        <control type="image">
                            <left>0</left>
                            <top>0</top>
                            <width>1920</width>
                            <height>150</height>
                            <texture>tvg-program-focus.png</texture>
                            <visible>hidden</visible>
                        </control>
                        <control type="image">
                            <left>0</left>
                            <top>0</top>
                            <width>1920</width>
                            <height>170</height>
                            <texture>list/tvg-back-trans.png</texture>
                            <visible>true</visible>
                        </control>
                        <control type="image">
                            <left>10</left>
                            <top>30</top>
                            <width>187</width>
                            <height>70</height>
                            <info>ListItem.Icon</info>
                            <aspectratio>keep</aspectratio>
                        </control>
                        <control type="label">
                            <left>225</left>
                            <top>0</top>
                            <width>300</width>
                            <height>60</height>
                            <font>font13</font>
                            <textcolor>FFF0F0F0</textcolor>
							<shadowcolor>22000000</shadowcolor>
                            <align>left</align>
                            <aligny>center</aligny>
                            <info>ListItem.Property(ChannelName)</info>
                        </control>
                        <control type="label">
                            <left>525</left>
                            <top>0</top>
                            <width>300</width>
                            <height>60</height>
                            <font>font13</font>
                            <textcolor>FFF0F0F0</textcolor>
							<shadowcolor>22000000</shadowcolor>
                            <align>left</align>
                            <aligny>center</aligny>
                            <info>ListItem.Property(StartTime)</info>
                        </control>
                        <control type="label">
                            <left>745</left>
                            <top>0</top>
                            <width>150</width>
                            <height>60</height>
                            <font>font13</font>
                            <textcolor>FFF0F0F0</textcolor>
							<shadowcolor>22000000</shadowcolor>
                            <align>right</align>
                            <aligny>center</aligny>
                            <info>ListItem.Property(Duration)</info>
                        </control>
                        <control type="progress">
                            <left>915</left>
                            <top>30</top>
                            <width>120</width>
                            <height>6</height>
                            <lefttexture />
                            <righttexture />
                            <texturebg>list\tvg-progress-bg.png</texturebg>
                            <midtexture>list\tvg-progress-mid.png</midtexture>
                            <info>ListItem.Property(Completed)</info>
                            <visible>ListItem.Property(Completed)</visible>
                        </control>
                        <control type="label">
                            <left>910</left>
                            <top>0</top>
                            <width>130</width>
                            <height>60</height>
                            <font>font12</font>
                            <textcolor>FFA0A0A0</textcolor>
                            <align>left</align>
                            <aligny>center</aligny>
                            <info>ListItem.Property(When)</info>
                        </control>
                        <control type="image">
                            <left>1645</left>
                            <top>20</top>
                            <width>224</width>
                            <height>126</height>
                            <info>ListItem.Property(ProgramImage)</info>
                            <aspectratio>scale</aspectratio>
                        </control>
                        <control type="label">
                            <description>Program Title</description>
                            <left>1050</left>
                            <top>0</top>
                            <width>550</width>
                            <height>60</height>
                            <font>font13</font>
                            <textcolor>FFF0F0F0</textcolor>
							<shadowcolor>22000000</shadowcolor>
                            <align>left</align>
                            <aligny>center</aligny>
                            <info>ListItem.Label</info>
                        </control>
                        <control type="textbox">
                            <description>Plot Value for TVShow</description>
                            <left>225</left>
                            <top>55</top>
                            <width>1290</width>
                            <height>102</height>
                            <font>font12</font>
                            <textcolor>FFF0F0F0</textcolor>
							<shadowcolor>22000000</shadowcolor>
                            <align>left</align>
							<scrolltime tween="quadratic" easing="out">200</scrolltime>
                            <wrapmultiline>true</wrapmultiline>
                            <autoscroll time="3000" delay="6000" repeat="6000">true</autoscroll>
                            <pagecontrol></pagecontrol>
                            <info>ListItem.Property(Plot)</info>
                        </control>
                    </focusedlayout>
                </control>
            </control>
        </control>
    </controls>
</window>