<?xml version="1.0" encoding="UTF-8"?>
<map id="base_dk" version="1.0" strm="">
	<channel id="6eren DK" 									title="(?=6.?eren(\s*HD)?(\s*DK)$)" strm=""/>
	<channel id="Animal Planet DK" 							title="(?=Animal\s*Planet(\s*TV)?(\s*HD)?\s*(DK|NO|SE)$)" strm=""/>
	<channel id="C More First DK" 							title="(?=C\s*More\s*First(\s*TV)?(\s*HD)?\s*(DK|NO|SE)$)" strm=""/>
	<channel id="C More Hits DK" 							title="(?=C\s*More\s*Hits(\s*TV)?(\s*HD)?\s*(DK|NO|SE)$)" strm=""/>
	<channel id="C More Series DK" 							title="(?=C\s*More\s*Series(\s*TV)?(\s*HD)?\s*(DK|NO|SE)$)" strm=""/>
	<channel id="C More Stars DK" 							title="(?=C\s*More\s*Stars(\s*TV)?(\s*HD)?\s*(DK|NO|SE)$)" strm=""/>
	<channel id="CNN DK" 									title="(?=CNN(\s*TV)?(\s*HD)?\s*(DK|NO|SE|UK)$)" strm=""/>
	<channel id="Canal 8 DK" 								title="(?=Canal\s*8(\s*TV)?(\s*HD)?(\s*DK)$)" strm=""/>
	<channel id="Canal 9 DK" 								title="(?=Canal\s*9(\s*TV)?(\s*HD)?(\s*DK)$)" strm=""/>
	<channel id="Cartoon Network DK" 						title="(?=Cartoon\s*Network(\s*TV)?(\s*HD)?\s*(DK|NO|SE)$)" strm=""/>
	<channel id="Comedy Central HD DK" 						title="(?=Comedy\s*Central(\s*HD)?\s*(DK|NO|SE)$)" strm=""/>
	<channel id="DK4 DK" 									title="(?=(DK4)(\s*TV)?(\s*HD)?(\s*DK)$)" strm=""/>
	<channel id="DR K DK" 									title="(?=DR\s*K(\s*TV)?(\s*HD)?(\s*DK)$)" strm=""/>
	<channel id="DR Ramasjang DK" 							title="(?=DR\s*Ramasjang(\s*TV)?(\s*HD)?(\s*DK)$)" strm=""/>
	<channel id="DR Ultra DK" 								title="(?=DR\s*Ultra(\s*TV)?(\s*HD)?(\s*DK)$)" strm=""/>
	<channel id="DR1 DK" 									title="(?=DR\s*1(\s*TV)?(\s*HD)?(\s*DK)$)" strm=""/>
	<channel id="DR2 DK" 									title="(?=DR\s*2(\s*TV)?(\s*HD)?(\s*DK)$)" strm=""/>
	<channel id="DR3 DK" 									title="(?=DR\s*3(\s*TV)?(\s*HD)?(\s*DK)$)" strm=""/>
	<channel id="Discovery Channel DK" 						title="(?=(Discovery|Disc)(.)?(\s*Channel)?(\s*TV)?(\s*HD)?(\s*DK)$)" strm=""/>
	<channel id="Discovery Science DK" 						title="(?=(Discovery|Disc)(.)?\s*Science(\s*HD)?\s*(DK|NO|SE)$)" strm=""/>
	<channel id="Discovery Showcase DK" 					title="(?=(Discovery|Disc)(.)?\s*Showcase(\s*HD)?(\s*DK)$)" strm=""/>
	<channel id="Discovery World DK" 						title="(?=(Discovery|Disc)(.)?\s*World(\s*TV)?(\s*HD)?\s*(DK|NO|SE)$)" strm=""/>
	<channel id="Disney Channel DK" 						title="(?=Disney\s*Channel(\s*HD)?\s*(DK|NO|SE)$)" strm=""/>
	<channel id="Disney Junior DK" 							title="(?=Disney\s*Junior(\s*TV)?(\s*HD)?\s*(DK|NO|SE)$)" strm=""/>
	<channel id="Disney XD DK" 								title="(?=Disney\s*XD(\s*TV)?(\s*HD)?\s*(DK|NO|SE)$)" strm=""/>
	<channel id="Eurosport 1 HD DK" 						title="(?=Euro\s*sport(\s*1)?(\s*TV)?(\s*HD)?\s*(DK|NO|SE)$)" strm=""/>
	<channel id="Eurosport 2 HD DK" 						title="(?=Euro\s*sport(\s*2)?(\s*TV)?(\s*HD)?\s*(DK|NO|SE)$)" strm=""/>
	<channel id="Folketinget DK" 							title="(?=Folketinget(\s*TV)?(\s*HD)?(\s*DK)$)" strm=""/>
	<channel id="H2 DK" 									title="(?=(H|History)\s*2(\s*TV)?(\s*HD)?(\s*DK)$)" strm=""/>
	<channel id="History DK" 								title="(?=History(\s*TV)?(\s*HD)?(\s*DK)$)" strm=""/>
	<channel id="ID DK" 									title="(?=(Discovery\s*)?(Investigation|ID)(\s*Discovery)?(\s*TV)?(\s*HD)?(\s*DK)$)" strm=""/>
	<channel id="Kanal 4 DK" 								title="(?=Kanal\s*4(\s*TV)?(\s*HD)?(\s*DK)$)" strm=""/>
	<channel id="Kanal 5 DK" 								title="(?=Kanal\s*5(\s*TV)?(\s*HD)?(\s*DK)$)" strm=""/>
	<channel id="Kanal Hovedstaden DK" 						title="(?=Kanal\s*Hovedstaden(\s*TV)?(\s*HD)?(\s*DK)$)" strm=""/>
	<channel id="MTV DK" 									title="(?=MTV(\s*TV)?(\s*HD)?\s*(DK|NO|SE)$)" strm=""/>
	<channel id="NRK1 DK"									title="(?=NRK\s*1(\s*HD)?\s*NO$)" strm=""/>
	<channel id="National Geographic Channel DK" 			title="(?=National\s*Geographic(\s*Channel)?(\s*HD)?\s*(DK|NO|SE)$)" strm=""/>
	<channel id="National Geographic Wild DK" 				title="(?=National\s*Geographic\s*Wild(\s*HD)?\s*(DK|NO|SE)$)" strm=""/>
	<channel id="Nick Jr. DK" 								title="(?=Nick(\s*Jr.|Jr)(\s*SE)?(\s*(DK|NO|SE))?$)" strm=""/>
	<channel id="Nickelodeon DK" 							title="(?=Nickelodeon(\s*TV)?(\s*HD)?\s*(DK|NO|SE)$)" strm=""/>
	<channel id="Paramount Network DK" 						title="(?=Paramount(\s*Network)?(\s*TV)?(\s*HD)?\s*(DK)$)" strm=""/>
	<channel id="SVT1 DK"									title="(?=SVT\s*1(\s*HD)?\s*SE$)" strm=""/>	
	<channel id="TLC DK" 									title="(?=TLC(\s*TV)?(\s*HD)?\s*(DK|NO|SE)$)" strm=""/>
	<channel id="TNT DK" 									title="(?=TNT(\s*TV)?(\s*HD)?\s*(DK)$)" strm=""/>
	<channel id="TV ØST DK" 								title="(?=(.?ST|OST)(\s*TV)?(\s*HD)?(\s*DK)$)" strm=""/>
	<channel id="TV2 Bornholm DK" 							title="(?=TV\s*2\s*Bornholm(\s*HD)?(\s*DK)$)" strm=""/>
	<channel id="TV2 Charlie DK" 							title="(?=TV\s*2\s*Charlie(\s*HD)?(\s*DK)$)" strm=""/>
	<channel id="TV2 DK" 									title="(?=TV\s*2(\s*SD\+|Plus)?(\s*HD)?(\s*DK)$)" strm=""/>
	<channel id="TV2 Fri DK" 								title="(?=TV\s*2\s*Fri(\s*HD)?(\s*DK)$)" strm=""/>
	<channel id="TV2 Lorry DK" 								title="(?=TV\s*2\s*Lorry(\s*HD)?(\s*DK)$)" strm=""/>
	<channel id="TV2 Midt Vest DK" 							title="(?=TV\s*2\s*Midt(\-)?\s*Vest(\s*TV)?(\s*HD)?(\s*DK)$)" strm=""/>
	<channel id="TV2 News DK" 								title="(?=TV\s*2\s*News(\s*HD)?(\s*DK)$)" strm=""/>
	<channel id="TV2 Nord Salto DK" 						title="(?=TV\s*2\s*Nord(\s*Salto)?(\s*DK)$)" strm=""/>
	<channel id="TV2 Sport DK" 								title="(?=TV\s*2\s*Sport(\s*HD)?(\s*DK)$)" strm=""/>
	<channel id="TV2 Syd DK" 								title="(?=TV\s*2\s*Syd(\s*TV)?(\s*HD)?(\s*DK)$)" strm=""/>
	<channel id="TV2 Zulu DK" 								title="(?=TV\s*2\s*Zulu(\s*HD)?(\s*DK)$)" strm=""/>
	<channel id="TV2 Østjylland DK" 						title="(?=TV\s*2\s*.?stjylland(\s*HD)?(\s*DK)$)" strm=""/>
	<channel id="TV3 DK" 									title="(?=TV\s*3(\s*HD)?(\s*HD)?(\s*DK)$)" strm=""/>
	<channel id="TV3 Max DK" 								title="(?=TV\s*3\s*Max(\s*HD)?(\s*HD)?(\s*DK)$)" strm=""/>
	<channel id="TV3 Puls DK" 								title="(?=TV\s*3\s*Puls(\s*HD)?(\s*DK)$)" strm=""/>
	<channel id="TV3 Sport DK" 								title="(?=TV\s*3\s*Sport(\s*1)?(\s*HD)?(\s*DK)$)" strm=""/>
	<channel id="TV3+ DK" 									title="(?=(TV3\+|TV\s*3)(\s*\+)?(\s*Plus)?(\s*HD)?(\s*DK)$)" strm=""/>
	<channel id="TV4 Sverige DK" 							title="(?=TV\s*4(\s*HD)?\s*SE$)" strm=""/>
	<channel id="Travel Channel DK" 						title="(?=Travel\s*Channel(\s*TV)?(\s*HD)?\s*(DK|NO|SE)$)" strm=""/>
	<channel id="VH1 DK" 									title="(?=VH1(\s*TV)?(\s*HD)?\s*(DK|NO|SE)$)" strm=""/>
	<channel id="Viasat Explore DK"							title="(?=Viasat\s*Explore(r)?\s*(DK|NO|SE)$)" strm=""/>
	<channel id="Viasat Golf DK" 							title="(?=Viasat\s*Golf(\s*HD)?\s*(DK|NO|SE)$)" strm=""/>
	<channel id="Viasat History DK"							title="(?=Viasat\s*History\s*(DK|NO|SE)$)" strm=""/>
	<channel id="Viasat Nature DK"							title="(?=Viasat\s*Nature(\s*Crime)?(\s*/)?(\s*Playboy)?\s*(DK|NO|SE)$)" strm=""/>
	<channel id="XEE DK" 									title="(?=XEE(\s*TV)?(\s*HD)?\s*(DK)$)" strm=""/>
	<channel id="ZDF DK" 									title="(?=ZDF(\s*TV)?(\s*HD)?\s*(DK|DE)$)" strm=""/>
    <channel id="TV2 Fyn DK" 								title="(?=TV\s*2\s*Fyn(\s*Nyhedskanalen)?(\s*HD)?(\s*DK)$)" strm=""/>
    <channel id="Viasat Film Action DK" 					title="(?=Viasat\s*Film\s*Action(\s*TV)?(\s*HD)?\s*(DK|NO|SE)$)" strm=""/>
    <channel id="Viasat Film DK" 							title="(?=Viasat\s*Film(\s*TV)?(\s*HD)?\s*(DK|NO|SE)$)" strm=""/>
    <channel id="Viasat Film Family DK" 					title="(?=Viasat\s*Film\s*Family(\s*TV)?(\s*HD)?\s*(DK|NO|SE)$)" strm=""/>
    <channel id="Viasat Film Hits DK" 						title="(?=Viasat\s*Film\s*Hits(\s*TV)?(\s*HD)?\s*(DK|NO|SE)$)" strm=""/>
	
<!--<.dk>-->
	
	<channel id="6eren.dk" 									title="(?=6.?eren(\s*HD)?(\s*DK)$)" strm=""/>
	<channel id="Animal Planet.dk" 							title="(?=Animal\s*Planet(\s*TV)?(\s*HD)?\s*(DK|NO|SE)$)" strm=""/>
	<channel id="C More First.dk" 							title="(?=C\s*More\s*First(\s*TV)?(\s*HD)?\s*(DK|NO|SE)$)" strm=""/>
	<channel id="C More Hits.dk" 							title="(?=C\s*More\s*Hits(\s*TV)?(\s*HD)?\s*(DK|NO|SE)$)" strm=""/>
	<channel id="C More Series.dk" 							title="(?=C\s*More\s*Series(\s*TV)?(\s*HD)?\s*(DK|NO|SE)$)" strm=""/>
	<channel id="C More Stars.dk" 							title="(?=C\s*More\s*Stars(\s*TV)?(\s*HD)?\s*(DK|NO|SE)$)" strm=""/>
	<channel id="CNN.dk" 									title="(?=CNN(\s*TV)?(\s*HD)?\s*(DK|NO|SE|UK)$)" strm=""/>
	<channel id="Canal 8.dk" 								title="(?=Canal\s*8(\s*TV)?(\s*HD)?(\s*DK)$)" strm=""/>
	<channel id="Canal 9.dk" 								title="(?=Canal\s*9(\s*TV)?(\s*HD)?(\s*DK)$)" strm=""/>
	<channel id="Cartoon Network.dk" 						title="(?=Cartoon\s*Network(\s*TV)?(\s*HD)?\s*(DK|NO|SE)$)" strm=""/>
	<channel id="Comedy Central HD.dk" 						title="(?=Comedy\s*Central(\s*HD)?\s*(DK|NO|SE)$)" strm=""/>
	<channel id="DK4.dk" 									title="(?=(DK4)(\s*TV)?(\s*HD)?(\s*DK)$)" strm=""/>
	<channel id="DR K.dk" 									title="(?=DR\s*K(\s*TV)?(\s*HD)?(\s*DK)$)" strm=""/>
	<channel id="DR Ramasjang.dk" 							title="(?=DR\s*Ramasjang(\s*TV)?(\s*HD)?(\s*DK)$)" strm=""/>
	<channel id="DR Ultra.dk" 								title="(?=DR\s*Ultra(\s*TV)?(\s*HD)?(\s*DK)$)" strm=""/>
	<channel id="DR1.dk" 									title="(?=DR\s*1(\s*TV)?(\s*HD)?(\s*DK)$)" strm=""/>
	<channel id="DR2.dk" 									title="(?=DR\s*2(\s*TV)?(\s*HD)?(\s*DK)$)" strm=""/>
	<channel id="DR3.dk" 									title="(?=DR\s*3(\s*TV)?(\s*HD)?(\s*DK)$)" strm=""/>
	<channel id="Discovery Channel.dk" 						title="(?=(Discovery|Disc)(.)?(\s*Channel)?(\s*TV)?(\s*HD)?(\s*DK)$)" strm=""/>
	<channel id="Discovery Science.dk" 						title="(?=(Discovery|Disc)(.)?\s*Science(\s*HD)?\s*(DK|NO|SE)$)" strm=""/>
	<channel id="Discovery Showcase.dk" 					title="(?=(Discovery|Disc)(.)?\s*Showcase(\s*HD)?(\s*DK)$)" strm=""/>
	<channel id="Discovery World.dk" 						title="(?=(Discovery|Disc)(.)?\s*World(\s*TV)?(\s*HD)?\s*(DK|NO|SE)$)" strm=""/>
	<channel id="Disney Channel.dk" 						title="(?=Disney\s*Channel(\s*HD)?\s*(DK|NO|SE)$)" strm=""/>
	<channel id="Disney Junior.dk" 							title="(?=Disney\s*Junior(\s*TV)?(\s*HD)?\s*(DK|NO|SE)$)" strm=""/>
	<channel id="Disney XD.dk" 								title="(?=Disney\s*XD(\s*TV)?(\s*HD)?\s*(DK|NO|SE)$)" strm=""/>
	<channel id="Eurosport 1 HD.dk" 						title="(?=Euro\s*sport(\s*1)?(\s*TV)?(\s*HD)?\s*(DK|NO|SE)$)" strm=""/>
	<channel id="Eurosport 2 HD.dk" 						title="(?=Euro\s*sport(\s*2)?(\s*TV)?(\s*HD)?\s*(DK|NO|SE)$)" strm=""/>
	<channel id="Folketinget.dk" 							title="(?=Folketinget(\s*TV)?(\s*HD)?(\s*DK)$)" strm=""/>
	<channel id="H2.dk" 									title="(?=(H|History)\s*2(\s*TV)?(\s*HD)?(\s*DK)$)" strm=""/>
	<channel id="History.dk" 								title="(?=History(\s*TV)?(\s*HD)?(\s*DK)$)" strm=""/>
	<channel id="ID.dk" 									title="(?=(Discovery\s*)?(Investigation|ID)(\s*Discovery)?(\s*TV)?(\s*HD)?(\s*DK)$)" strm=""/>
	<channel id="Kanal 4.dk" 								title="(?=Kanal\s*4(\s*TV)?(\s*HD)?(\s*DK)$)" strm=""/>
	<channel id="Kanal 5.dk" 								title="(?=Kanal\s*5(\s*TV)?(\s*HD)?(\s*DK)$)" strm=""/>
	<channel id="Kanal Hovedstaden.dk" 						title="(?=Kanal\s*Hovedstaden(\s*TV)?(\s*HD)?(\s*DK)$)" strm=""/>
	<channel id="MTV.dk" 									title="(?=MTV(\s*TV)?(\s*HD)?\s*(DK|NO|SE)$)" strm=""/>
	<channel id="NRK1.dk"									title="(?=NRK\s*1(\s*HD)?\s*NO$)" strm=""/>
	<channel id="National Geographic Channel.dk" 			title="(?=National\s*Geographic(\s*Channel)?(\s*HD)?\s*(DK|NO|SE)$)" strm=""/>
	<channel id="National Geographic Wild.dk" 				title="(?=National\s*Geographic\s*Wild(\s*HD)?\s*(DK|NO|SE)$)" strm=""/>
	<channel id="Nick Jr..dk" 								title="(?=Nick(\s*Jr.|Jr)(\s*SE)?(\s*(DK|NO|SE))?$)" strm=""/>
	<channel id="Nickelodeon.dk" 							title="(?=Nickelodeon(\s*TV)?(\s*HD)?\s*(DK|NO|SE)$)" strm=""/>
	<channel id="Paramount Network.dk" 						title="(?=Paramount(\s*Network)?(\s*TV)?(\s*HD)?\s*(DK)$)" strm=""/>
	<channel id="SVT1.dk"									title="(?=SVT\s*1(\s*HD)?\s*SE$)" strm=""/>	
	<channel id="TLC.dk" 									title="(?=TLC(\s*TV)?(\s*HD)?\s*(DK|NO|SE)$)" strm=""/>
	<channel id="TNT.dk" 									title="(?=TNT(\s*TV)?(\s*HD)?\s*(DK)$)" strm=""/>
	<channel id="TV ØST.dk" 								title="(?=(.?ST|OST)(\s*TV)?(\s*HD)?(\s*DK)$)" strm=""/>
	<channel id="TV2 Bornholm.dk" 							title="(?=TV\s*2\s*Bornholm(\s*HD)?(\s*DK)$)" strm=""/>
	<channel id="TV2 Charlie.dk" 							title="(?=TV\s*2\s*Charlie(\s*HD)?(\s*DK)$)" strm=""/>
	<channel id="TV2.dk" 									title="(?=TV\s*2(\s*SD\+|Plus)?(\s*HD)?(\s*DK)$)" strm=""/>
	<channel id="TV2 Fri.dk" 								title="(?=TV\s*2\s*Fri(\s*HD)?(\s*DK)$)" strm=""/>
	<channel id="TV2 Lorry.dk" 								title="(?=TV\s*2\s*Lorry(\s*HD)?(\s*DK)$)" strm=""/>
	<channel id="TV2 Midt Vest.dk" 							title="(?=TV\s*2\s*Midt(\-)?\s*Vest(\s*TV)?(\s*HD)?(\s*DK)$)" strm=""/>
	<channel id="TV2 News.dk" 								title="(?=TV\s*2\s*News(\s*HD)?(\s*DK)$)" strm=""/>
	<channel id="TV2 Nord Salto.dk" 						title="(?=TV\s*2\s*Nord(\s*Salto)?(\s*DK)$)" strm=""/>
	<channel id="TV2 Sport.dk" 								title="(?=TV\s*2\s*Sport(\s*HD)?(\s*DK)$)" strm=""/>
	<channel id="TV2 Syd.dk" 								title="(?=TV\s*2\s*Syd(\s*TV)?(\s*HD)?(\s*DK)$)" strm=""/>
	<channel id="TV2 Zulu.dk" 								title="(?=TV\s*2\s*Zulu(\s*HD)?(\s*DK)$)" strm=""/>
	<channel id="TV2 Østjylland.dk" 						title="(?=TV\s*2\s*.?stjylland(\s*HD)?(\s*DK)$)" strm=""/>
	<channel id="TV3.dk" 									title="(?=TV\s*3(\s*HD)?(\s*HD)?(\s*DK)$)" strm=""/>
	<channel id="TV3 Max.dk" 								title="(?=TV\s*3\s*Max(\s*HD)?(\s*HD)?(\s*DK)$)" strm=""/>
	<channel id="TV3 Puls.dk" 								title="(?=TV\s*3\s*Puls(\s*HD)?(\s*DK)$)" strm=""/>
	<channel id="TV3 Sport.dk" 								title="(?=TV\s*3\s*Sport(\s*1)?(\s*HD)?(\s*DK)$)" strm=""/>
	<channel id="TV3+.dk" 									title="(?=(TV3\+|TV\s*3)(\s*\+)?(\s*Plus)?(\s*HD)?(\s*DK)$)" strm=""/>
	<channel id="TV4 Sverige.dk" 							title="(?=TV\s*4(\s*HD)?\s*SE$)" strm=""/>
	<channel id="Travel Channel.dk" 						title="(?=Travel\s*Channel(\s*TV)?(\s*HD)?\s*(DK|NO|SE)$)" strm=""/>
	<channel id="VH1.dk" 									title="(?=VH1(\s*TV)?(\s*HD)?\s*(DK|NO|SE)$)" strm=""/>
	<channel id="Viasat Explore.dk"							title="(?=Viasat\s*Explore(r)?\s*(DK|NO|SE)$)" strm=""/>
	<channel id="Viasat Golf.dk" 							title="(?=Viasat\s*Golf(\s*HD)?\s*(DK|NO|SE)$)" strm=""/>
	<channel id="Viasat History.dk"							title="(?=Viasat\s*History\s*(DK|NO|SE)$)" strm=""/>
	<channel id="Viasat Nature.dk"							title="(?=Viasat\s*Nature(\s*Crime)?(\s*/)?(\s*Playboy)?\s*(DK|NO|SE)$)" strm=""/>
	<channel id="XEE.dk" 									title="(?=XEE(\s*TV)?(\s*HD)?\s*(DK)$)" strm=""/>
	<channel id="ZDF.dk" 									title="(?=ZDF(\s*TV)?(\s*HD)?\s*(DK|DE)$)" strm=""/>
    <channel id="TV2 Fyn.dk" 								title="(?=TV\s*2\s*Fyn(\s*Nyhedskanalen)?(\s*HD)?(\s*DK)$)" strm=""/>
    <channel id="Viasat Film Action.dk" 					title="(?=Viasat\s*Film\s*Action(\s*TV)?(\s*HD)?\s*(DK|NO|SE)$)" strm=""/>
    <channel id="Viasat Film.dk" 							title="(?=Viasat\s*Film(\s*TV)?(\s*HD)?\s*(DK|NO|SE)$)" strm=""/>
    <channel id="Viasat Film Family.dk" 					title="(?=Viasat\s*Film\s*Family(\s*TV)?(\s*HD)?\s*(DK|NO|SE)$)" strm=""/>
    <channel id="Viasat Film Hits.dk" 						title="(?=Viasat\s*Film\s*Hits(\s*TV)?(\s*HD)?\s*(DK|NO|SE)$)" strm=""/>
	
	<category name="Movie" 									tags="Action|Comedy|Comedy Drama|Crime Drama|Drama|Drama Komedi|Fantasy|Film|Komedi|Komedie|Komedie Drama|Komödie|Komödie Drama|Krimdrama|Krimi Drama|Kriminal Drama|Mysterie|Rædsel|Sci Fi|Science Fiction|ScienceFiction|Spændingsfilm|Western"/>
	<category name="Series" 								tags="TV-Serie|Serie|Serier|Series|Miniseries|Programmer"/>
	<category name="Information" 							tags="Aktualitet|Business &amp; Finance|Diskusjon|Forretning &amp; Finansiering|Magain|Magasin|Magazin|Magazine|Nachrichtensendung|Newscast|Newsmagazine|Nyheder|Nyhedsmagasin|Nyhedsudsendelse|Nyheter|Nyhetsmagasin|Nyhetsutsändning|Offentlige Anliggender|OffentligeAnliggender|Politik|PublicAffairs|Taler|Talk|Tidning|Tv Magasin|TvMagasin|Regionalprogram"/>
	<category name="Entertainment" 							tags="Uppträdande|Game Show|Music Videos|Musik|Musikvideo|Præstation|Reality|Spilleshows|Tv Quiz|TvQuiz|Underholdning|Underhållning|Unterhaltung|Livsstil"/>
	<category name="Document" 								tags="Kultur og Natur|Science &amp; Technology|Arts &amp; Literature|Auktion|Biografi|Documentary|Dokumentar|Dokumentarprogrammer|Dokumentär|Educational|Historie|Kunst &amp; Literatur|Kunst &amp; Litteratur|Kunst &amp; Litteratur|Mysterie &amp;|Mysterium Och Spänning|Mysterium Og Spænding|Paranormal|Paranormal|Religion|Uddannelse|Videnskab|Videnskab/Teknologi"/>
	<category name="Kids" 									tags="Børn|Animated|Animated Comedy|Animerede Komedie|Animeret|Animeret Komedie|Animiert|Animierte Komödie|Lekprogram|Tegneserie"/>
	<category name="Sport" 									tags="Basketball|De Olympiske Lege|Fiskeri|Fodbold|Golf|Motorsport|Sport|Sports event|Sports non-event|Sportsevent|Sportsnon-event|Vintersport|Vintersporter|Water Sports"/>
	<category name="Interactive Entertainment" 				tags="Andet|Andre|Auto Info|Food|Hjem Og Have|Hjem Og Haven|Hobby Och Hantverk|Hobbyer Og Kunsthåndværk|Home &amp; Garden|Hus &amp; Hage|Hus Och Trädgård|Indlæring|Kæledyr|Mad|Mat|Mode|Musical|Natur|Other|Rejser|Rådgive|Sonstige|Special|Sundhed Og Fitness|SundhedOgFitness|Teens|Travel|Udendørs|Ydeevne|Övrigt"/>
</map>