<?xml version="1.0" encoding="UTF-8"?>
<map id="base croatian" version="1.0" strm="">	
	<channel id="3 SAT HR"									title="(?=3\s*SAT(\s*HD)?\s*ex(\s*)?(\s*\-)?(Yu|HR)$)" strm=""/>
	<channel id="AL JAZEERA BALKANS HR"						title="(?=(AL)?(\s*AL)(\s*JAZEERA)(\s*BALKANS)?(\s*HD)?\s*ex(\s*)?(\s*\-)?(Yu|HR)$)" strm=""/>
	<channel id="AMC HR"									title="(?=AMC(\s*HD)?\s*ex(\s*)?(\s*\-)?(Yu|HR)$)" strm=""/>
	<channel id="ANIMAL PLANET HR"							title="(?=ANIMAL\s*PLANET(\s*HD)?\s*ex(\s*)?(\s*\-)?(Yu|HR)$)" strm=""/>
	<channel id="ARENA SPORT 1 HR"							title="(?=ARENA\s*SPORT(\s*1)?(\s*HD)?\s*ex(\s*)?(\s*\-)?(Yu|HR)$)" strm=""/>
	<channel id="ARENA SPORT 2 HR"							title="(?=ARENA\s*SPORT\s*2(\s*HD)?\s*ex(\s*)?(\s*\-)?(Yu|HR)$)" strm=""/>
	<channel id="ARENA SPORT 3 HR"							title="(?=ARENA\s*SPORT\s*3(\s*HD)?\s*ex(\s*)?(\s*\-)?(Yu|HR)$)" strm=""/>
	<channel id="ARENA SPORT 4 HR"							title="(?=ARENA\s*SPORT\s*4(\s*HD)?\s*ex(\s*)?(\s*\-)?(Yu|HR)$)" strm=""/>
	<channel id="ARTE HR"									title="(?=ARTE(\s*HD)?\s*ex(\s*)?(\s*\-)?(Yu|HR)$)" strm=""/>
	<channel id="AXN HR"									title="(?=AXN(\s*HD)?\s*ex(\s*)?(\s*\-)?(Yu|HR)$)" strm=""/>
	<channel id="AXN SPIN HR"								title="(?=AXN\s*SPIN(\s*TV)?(\s*HD)?\s*ex(\s*)?(\s*\-)?(Yu|HR)$)" strm=""/>
	<channel id="B.NET MOZAIK HR"							title="(?=B.*NET\s*MOZAIK(\s*HD)?\s*ex(\s*)?(\s*\-)?(Yu|HR)$)" strm=""/>
	<channel id="BABY TV HR"								title="(?=BABY(\s*TV)?(\s*HD)?\s*ex(\s*)?(\s*\-)?(Yu|HR)$)" strm=""/>
	<channel id="BALKANIKA MUSIC TV HR"						title="(?=BALKANIKA(\s*MUSIC)?(\s*TV)?(\s*HD)?\s*ex(\s*)?(\s*\-)?(Yu|HR)$)" strm=""/>
	<channel id="BBC WORLD NEWS HR"							title="(?=BBC\s*WORLD\s*NEWS(\s*HD)?\s*ex(\s*)?(\s*\-)?(Yu|HR)$)" strm=""/>
	<channel id="BODY IN BALANCE HR"						title="(?=BODY\s*IN\s*BALANCE(\s*TV)?(\s*HD)?\s*ex(\s*)?(\s*\-)?(Yu|HR)$)" strm=""/>
	<channel id="BOOMERANG HR"								title="(?=BOOMERANG(\s*TV)?(\s*HD)?\s*ex(\s*)?(\s*\-)?(Yu|HR)$)" strm=""/>
	<channel id="C MUSIC TV HR"								title="(?=C\s*MUSIC(\s*TV)?(\s*HD)?\s*ex(\s*)?(\s*\-)?(Yu|HR)$)" strm=""/>
	<channel id="CARTOON NETWORK HR"						title="(?=CARTOON\s*NETWORK(\s*HD)?\s*ex(\s*)?(\s*\-)?(Yu|HR)$)" strm=""/>
	<channel id="CBS REALITY HR"							title="(?=CBS\s*REALITY(\s*TV)?(\s*HD)?\s*ex(\s*)?(\s*\-)?(Yu|HR)$)" strm=""/>
	<channel id="CGTN HR"									title="(?=CGTN(\s*TV)?(\s*HD)?\s*ex(\s*)?(\s*\-)?(Yu|HR)$)" strm=""/>
	<channel id="CINEMAX 2 HR"								title="(?=CINEMAX\s*2(\s*HD)?\s*ex(\s*)?(\s*\-)?(Yu|HR)$)" strm=""/>
	<channel id="CINEMAX HR"								title="(?=CINEMAX(\s*1)?(\s*HD)?\s*ex(\s*)?(\s*\-)?(Yu|HR)$)" strm=""/>
	<channel id="CINESTAR ACTION &amp; THRILLER HR"			title="(?=CINESTAR\s*ACTION(\s*&amp;)?(\s*THRILLER)?(\s*TV)?(\s*HD)?\s*ex(\s*)?(\s*\-)?(Yu|HR)$)" strm=""/>
	<channel id="CINESTAR TV HR"							title="(?=CINESTAR(\s*TV)?(\s*HD)?\s*ex(\s*)?(\s*\-)?(Yu|HR)$)" strm=""/>
	<channel id="CINESTAR TV PREMIERE 1 HR"					title="(?=CINESTAR(\s*TV)?\s*PREMIERE(\s*1)?(\s*HD)?(\s*TV)?\s*ex(\s*)?(\s*\-)?(Yu|HR)$)" strm=""/>
	<channel id="CINESTAR TV PREMIERE 2 HR"					title="(?=CINESTAR(\s*TV)?\s*PREMIERE\s*2(\s*HD)?(\s*TV)?\s*ex(\s*)?(\s*\-)?(Yu|HR)$)" strm=""/>
	<channel id="CNBC HR"									title="(?=CNBC(\s*HD)?\s*ex(\s*)?(\s*\-)?(Yu|HR)$)" strm=""/>
	<channel id="CNN HR"									title="(?=CNN(\s*HD)?\s*ex(\s*)?(\s*\-)?(Yu|HR)$)" strm=""/>
	<channel id="COMEDY CENTRAL EXTRA HR"					title="(?=COMEDY\s*CENTRAL\s*EXTRA(\s*HD)?\s*ex(\s*)?(\s*\-)?(Yu|HR)$)" strm=""/>
	<channel id="CROATIAN MUSIC CHANNEL HR"					title="(?=(CMC|CROATIAN)(\s*MUSIC)?(\s*CHANNEL)?(\s*HD)?\s*ex(\s*)?(\s*\-)?(Yu|HR)$)" strm=""/>
	<channel id="DA VINCI LEARNING HR"						title="(?=DA\s*VINCI\s*LEARNING(\s*HD)?\s*ex(\s*)?(\s*\-)?(Yu|HR)$)" strm=""/>
	<channel id="DANCE TRIPPIN HR"							title="(?=DANCE\s*TRIPPIN(\s*HD)?\s*ex(\s*)?(\s*\-)?(Yu|HR)$)" strm=""/>
	<channel id="DEUTSCHE WELLE HR"							title="(?=DEUTSCHE\s*WELLE(\s*HD)?\s*DE$)" strm=""/>
	<channel id="DISCOVERY CHANNEL HR"						title="(?=(DISCOVERY)(\s*CHANNEL)(\s*HD)?\s*ex(\s*)?(\s*\-)?(Yu|HR)$)" strm=""/>
	<channel id="DISNEY CHANNEL HR"							title="(?=DISNEY\s*CHANNEL(\s*HD)?\s*ex(\s*)?(\s*\-)?(Yu|HR)$)" strm=""/>
	<channel id="DISNEY JUNIOR HR"							title="(?=DISNEY\s*JUNIOR(\s*HD)?\s*ex(\s*)?(\s*\-)?(Yu|HR)$)" strm=""/>
	<channel id="DIVA HR"									title="(?=DIVA(\s*TV)?(\s*HD)?\s*ex(\s*)?(\s*\-)?(Yu|HR)$)" strm=""/>
	<channel id="DM SAT HR"									title="(?=DM\s*SAT|SATELIT(\s*HD)?\s*ex(\s*)?(\s*\-)?(Yu|HR)$)" strm=""/>
	<channel id="DMC HR"									title="(?=DMC(\s*HD)?\s*ex(\s*)?(\s*\-)?(Yu|HR)$)" strm=""/>
	<channel id="DOCUBOX HD HR"								title="(?=DOCU\s*BOX(\s*HD)?\s*ex(\s*)?(\s*\-)?(Yu|HR)$)" strm=""/>
	<channel id="DOKU TV HR"								title="(?=DOKU(\s*TV)?(\s*HD)?\s*ex(\s*)?(\s*\-)?(Yu|HR)$)" strm=""/>
	<channel id="DOMA TV HR"								title="(?=DOMA(\s*TV)?(\s*HD)?\s*ex(\s*)?(\s*\-)?(Yu|HR)$)" strm=""/>
	<channel id="DTX HD HR"									title="(?=(DTX|Discovery\s*Turbo\s*Xtra)(\s*HD)?\s*ex(\s*)?(\s*\-)?(Yu|HR)$)" strm=""/>
	<channel id="DUCK TV HR"								title="(?=DUCK(\s*TV)?(\s*HD)?\s*ex(\s*)?(\s*\-)?(Yu|HR)$)" strm=""/>
	<channel id="DUTV HR"									title="(?=DUTV(\s*HD)?\s*ex(\s*)?(\s*\-)?(Yu|HR)$)" strm=""/>
	<channel id="Dr.Fit HR"									title="(?=Dr(\.)?\s*Fit(\s*HD)?\s*ex(\s*)?(\s*\-)?(Yu|HR)$)" strm=""/>
	<channel id="E! HR"										title="(?=E(!)?(\s*Entertainment)?(\s*TV)?(\s*HD)?\s*ex(\s*)?(\s*\-)?(Yu|HR)$)" strm=""/>
	<channel id="EPIC DRAMA HR"								title="(?=EPIC\s*DRAMA(\s*TV)?(\s*HD)?\s*ex(\s*)?(\s*\-)?(Yu|HR)$)" strm=""/>
	<channel id="ESPORTS TV HR"								title="(?=ESPORTS(\s*TV)?(\s*HD)?\s*ex(\s*)?(\s*\-)?(Yu|HR)$)" strm=""/>
	<channel id="EUROCHANNEL HR"							title="(?=EURO\s*CHANNEL(\s*TV)?(\s*HD)?\s*ex(\s*)?(\s*\-)?(Yu|HR)$)" strm=""/>
	<channel id="EURONEWS HR"								title="(?=EURONEWS(\s*HD)?\s*ex(\s*)?(\s*\-)?(Yu|HR)$)" strm=""/>
	<channel id="EUROSPORT 1 HR"							title="(?=EUROSPORT(\s*1)?(\s*HD)?\s*ex(\s*)?(\s*\-)?(Yu|HR)$)" strm=""/>
	<channel id="EUROSPORT 2 HR"							title="(?=EUROSPORT\s*2(\s*HD)?\s*ex(\s*)?(\s*\-)?(Yu|HR)$)" strm=""/>
	<channel id="EXTREME SPORTS CHANNEL HR"					title="(?=EXTREME\s*SPORTS\s*CHANNEL(\s*HD)?\s*ex(\s*)?(\s*\-)?(Yu|HR)$)" strm=""/>
	<channel id="FACE TV HR"								title="(?=(AL)?(\s*FACE)(\s*TV)?(\s*HD)?\s*ex(\s*)?(\s*\-)?(Yu|HR)$)" strm=""/>
	<channel id="FEDERALNA TV HR"							title="(?=FEDERALNA(\s*TV)?(\s*HD)?\s*ex(\s*)?(\s*\-)?(Yu|HR)$)" strm=""/>
	<channel id="FIGHT CHANNEL HR"							title="(?=FIGHT\s*CHANNEL(\s*HD)?\s*ex(\s*)?(\s*\-)?(Yu|HR)$)" strm=""/>
	<channel id="FIGHT CHANNEL WORLD HR"					title="(?=FIGHT\s*CHANNEL\s*WORLD(\s*HD)?\s*ex(\s*)?(\s*\-)?(Yu|HR)$)" strm=""/>
	<channel id="FILMBOX EXTRA HR"							title="(?=FILM\s*BOX\s*EXTRA(\s*TV)?(\s*HD)?\s*ex(\s*)?(\s*\-)?(Yu|HR)$)" strm=""/>
	<channel id="FILMBOX PLUS HR"							title="(?=FILM\s*BOX\s*PLUS(\s*TV)?(\s*HD)?\s*ex(\s*)?(\s*\-)?(Yu|HR)$)" strm=""/>
	<channel id="FINE LIVING HR"							title="(?=FINE\s*LIVING(\s*TV)?(\s*HD)?\s*ex(\s*)?(\s*\-)?(Yu|HR)$)" strm=""/>
	<channel id="FOOD NETWORK HR"							title="(?=FOOD\s*NETWORK(\s*HD)?\s*ex(\s*)?(\s*\-)?(Yu|HR)$)" strm=""/>
	<channel id="FOX CRIME HR"								title="(?=FOX\s*CRIME(\s*HD)?\s*ex(\s*)?(\s*\-)?(Yu|HR)$)" strm=""/>
	<channel id="FOX HR"									title="(?=FOX(\s*TV)?(\s*HD)?\s*ex(\s*)?(\s*\-)?(Yu|HR)$)" strm=""/>
	<channel id="FOX LIFE HR"								title="(?=FOX\s*LIFE(\s*TV)?(\s*HD)?\s*ex(\s*)?(\s*\-)?(Yu|HR)$)" strm=""/>
	<channel id="FOX NEWS HR"								title="(?=FOX\s*NEWS(\s*TV)?(\s*HD)?\s*ex(\s*)?(\s*\-)?(Yu|HR)$)" strm=""/>
	<channel id="FRANCE 24 HR"								title="(?=FRANCE\s*24(\s*HD)?\s*ex(\s*)?(\s*\-)?(Yu|HR)$)" strm=""/>
	<channel id="FTV HR"									title="(?=FTV|FASHION(\s*TV)?(\s*HD)?\s*ex(\s*)?(\s*\-)?(Yu|HR)$)" strm=""/>
	<channel id="FULL TV HR"								title="(?=FULL(\s*TV)?(\s*HD)?\s*ex(\s*)?(\s*\-)?(Yu|HR)$)" strm=""/>
	<channel id="GINX HR"									title="(?=GINX(\s*TV)?(\s*HD)?\s*ex(\s*)?(\s*\-)?(Yu|HR)$)" strm=""/>
	<channel id="GOLICA TV HR"								title="(?=GOLICA(\s*TV)?(\s*HD)?\s*ex(\s*)?(\s*\-)?(Yu|HR)$)" strm=""/>
	<channel id="HAPPY TV HR"								title="(?=HAPPY(\s*TV)?(\s*HD)?\s*ex(\s*)?(\s*\-)?(Yu|HR)$)" strm=""/>
	<channel id="HAYAT TV SAT HR"							title="(?=(HAYAT)(\s*BIH)?(\s*TV)?(\s*SAT|SATELIT)?(\s*HD)?\s*ex(\s*)?(\s*\-)?(Yu|HR)$)" strm=""/>
	<channel id="HBO 2 HR"									title="(?=HBO\s*2(\s*HD)?\s*ex(\s*)?(\s*\-)?(Yu|HR)$)" strm=""/>
	<channel id="HBO 3 HR"									title="(?=HBO\s*3(\s*HD)?\s*ex(\s*)?(\s*\-)?(Yu|HR)$)" strm=""/>
	<channel id="HBO HR"									title="(?=HBO(\s*1)?(\s*HD)?\s*ex(\s*)?(\s*\-)?(Yu|HR)$)" strm=""/>
	<channel id="HISTORY HD HR"								title="(?=(HISTORY)(\s*CHANNEL)?\s*HD\s*ex(\s*)?(\s*\-)?(Yu|HR)$)" strm=""/>
	<channel id="HISTORY HR"								title="(?=(HISTORY)(\s*CHANNEL)?\s*ex(\s*)?(\s*\-)?(Yu|HR)$)" strm=""/>
	<channel id="HNTV HR"									title="(?=HNTV(\s*HD)?\s*ex(\s*)?(\s*\-)?(Yu|HR)$)" strm=""/>
	<channel id="HRT 1 HR"									title="(?=HRT(\s*1)?(\s*HD)?(\s*HD)?\s*ex(\s*)?(\s*\-)?(Yu|HR)$)" strm=""/>
	<channel id="HRT 2 HR"									title="(?=HRT\s*2(\s*HD)?(\s*HD)?\s*ex(\s*)?(\s*\-)?(Yu|HR)$)" strm=""/>
	<channel id="HRT 3 HR"									title="(?=HRT\s*3(\s*HD)?(\s*HD)?\s*ex(\s*)?(\s*\-)?(Yu|HR)$)" strm=""/>
	<channel id="HRT 4 HR"									title="(?=HRT\s*4(\s*HD)?(\s*HD)?\s*ex(\s*)?(\s*\-)?(Yu|HR)$)" strm=""/>
	<channel id="INFO KANAL HR"								title="(?=INFO\s*KANAL(\s*HD)?\s*ex(\s*)?(\s*\-)?(Yu|HR)$)" strm=""/>
	<channel id="JABUKA TV HR"								title="(?=JABUKA(\s*TV)?(\s*HD)?\s*ex(\s*)?(\s*\-)?(Yu|HR)$)" strm=""/>
	<channel id="JIM JAM HR"								title="(?=JIM\s*JAM(\s*TV)?(\s*HD)?\s*ex(\s*)?(\s*\-)?(Yu|HR)$)" strm=""/>
	<channel id="CROATIA RECORDS HR"						title="(?=(JUGOTON|CROATIA\s*RECORDS)(\s*TV)?(\s*HD)?\s*ex(\s*)?(\s*\-)?(Yu|HR)$)" strm=""/>
	<channel id="KANAL 5 TV HR"								title="(?=(TELEVIZIJA|KANAL)(\s*5)(\s*TV)?(\s*HD)?\s*ex(\s*)?(\s*\-)?(Yu|HR)$)" strm=""/>
	<channel id="KANAL RI HR"								title="(?=KANAL\s*RI(\s*TV)?(\s*HD)?\s*ex(\s*)?(\s*\-)?(Yu|HR)$)" strm=""/>
	<channel id="KCN MUSIC 2 HR"							title="(?=KCN\s*MUSIC\s*2(\s*HD)?\s*ex(\s*)?(\s*\-)?(Yu|HR)$)" strm=""/>
	<channel id="KIKA HR"									title="(?=KIKA|KI(\.)?KA(\s*TV)?(\s*HD)?\s*ex(\s*)?(\s*\-)?(Yu|HR)$)" strm=""/>
	<channel id="KINO TV HR"								title="(?=KINO(\s*TV)?(\s*HD)?\s*ex(\s*)?(\s*\-)?(Yu|HR)$)" strm=""/>
	<channel id="KLASIK TV HR"								title="(?=KLASIK(\s*TV)?(\s*HD)?\s*ex(\s*)?(\s*\-)?(Yu|HR)$)" strm=""/>
	<channel id="KREATOR TV HR"								title="(?=KREATOR(\s*TV)?(\s*HD)?\s*ex(\s*)?(\s*\-)?(Yu|HR)$)" strm=""/>
	<channel id="LUXE.TV HR"								title="(?=LUXE(\.)?(\s*TV)?(\s*HD)?(\s*HD)?(\s*ex(\s*)?(\s*\-)?Yu)?(\s*UK)?$)" strm=""/>
	<channel id="Laudato TV HR"								title="(?=LAUDATO(\s*TV)?(\s*HD)?\s*ex(\s*)?(\s*\-)?(Yu|HR)$)" strm=""/>
	<channel id="MEZZO HR"									title="(?=MEZZO(\s*HD)?\s*ex(\s*)?(\s*\-)?(Yu|HR)$)" strm=""/>
	<channel id="MINI TV HR"								title="(?=MINI(\s*Ultra)?(\s*TV)?(\s*HD)?\s*ex(\s*)?(\s*\-)?(Yu|HR)$)" strm=""/>
	<channel id="MOTORS TV HR"								title="(?=(Motorsport.TV|Motors)(\s*TV)?(\s*HD)?\s*ex(\s*)?(\s*\-)?(Yu|HR)$)" strm=""/>
	<channel id="MREŽA TV HR"								title="(?=MRE.*A(\s*TV)?(\s*HD)?\s*ex(\s*)?(\s*\-)?(Yu|HR)$)" strm=""/>
	<channel id="MREŽA TV SPLIT HR"							title="(?=MRE.*A(\s*TV)?\s*SPLIT(\s*HD)?\s*ex(\s*)?(\s*\-)?(Yu|HR)$)" strm=""/>
	<channel id="MTV DANCE HR"								title="(?=MTV\s*DANCE(\s*HD)?\s*ex(\s*)?(\s*\-)?(Yu|HR)$)" strm=""/>
	<channel id="MTV HITS HR"								title="(?=MTV\s*HITS(\s*HD)?\s*ex(\s*)?(\s*\-)?(Yu|HR)$)" strm=""/>
	<channel id="MTV HR"									title="(?=MTV(\s*HD)?\s*ex(\s*)?(\s*\-)?(Yu|HR)$)" strm=""/>
	<channel id="MTV MUSIC 24 HR"							title="(?=MTV\s*MUSIC\s*24(\s*HD)?\s*ex(\s*)?(\s*\-)?(Yu|HR)$)" strm=""/>
	<channel id="MTV ROCKS HR"								title="(?=MTV\s*ROCKS(\s*HD)?\s*ex(\s*)?(\s*\-)?(Yu|HR)$)" strm=""/>
	<channel id="MYZEN.TV HR"								title="(?=MYZEN(\.)?(\s*TV)?(\s*HD)?\s*ex(\s*)?(\s*\-)?(Yu|HR)$)" strm=""/>
	<channel id="N1 HR"										title="(?=N\s*1(\s*TV)?(\s*HD)?\s*ex(\s*)?(\s*\-)?(Yu|HR)$)" strm=""/>
	<channel id="N24 HR"									title="(?=N24(\s*TV)?(\s*HD)?\s*ex(\s*)?(\s*\-)?(Yu|HR)$)" strm=""/>
	<channel id="NARODNA TV HR"								title="(?=NARODNA(\s*TV)?(\s*HD)?\s*ex(\s*)?(\s*\-)?(Yu|HR)$)" strm=""/>
	<channel id="NAT GEO WILD HR"							title="(?=NAT\s*GEO\s*WILD(\s*HD)?\s*ex(\s*)?(\s*\-)?(Yu|HR)$)" strm=""/>
	<channel id="NATIONAL GEOGRAPHIC HD HR"					title="(?=(NAT|NATIONAL)(\s*GEO|GEOGRAPHIC)\s*HD\s*ex(\s*)?(\s*\-)?(Yu|HR)$)" strm=""/>
	<channel id="NATIONAL GEOGRAPHIC HR"					title="(?=(NAT|NATIONAL)(\s*GEO|GEOGRAPHIC)\s*ex(\s*)?(\s*\-)?(Yu|HR)$)" strm=""/>
	<channel id="NAUTICAL CHANNEL HR"						title="(?=NAUTICAL\s*CHANNEL(\s*HD)?\s*ex(\s*)?(\s*\-)?(Yu|HR)$)" strm=""/>
	<channel id="NICK JR. HR"								title="(?=Nick(elodeon)?\s*(Jr|JUNIOR)(\.)?(\s*HD)?\s*ex(\s*)?(\s*\-)?(Yu|HR)$)" strm=""/>
	<channel id="NICKELODEON HR"							title="(?=NICKELODEON(\s*HD)?\s*ex(\s*)?(\s*\-)?(Yu|HR)$)" strm=""/>
	<channel id="NOVA TV HR"								title="(?=NOVA(\s*WORLD)?(\s*TV)?(\s*HD)?\s*ex(\s*)?(\s*\-)?(Yu|HR)$)" strm=""/>
	<channel id="OBN HR"									title="(?=OBN(\s*TV)?(\s*HD)?\s*ex(\s*)?(\s*\-)?(Yu|HR)$)" strm=""/>
	<channel id="OK BAMBINO HR"								title="(?=OK\s*BAMBINO(\s*TV)?(\s*HD)?\s*ex(\s*)?(\s*\-)?(Yu|HR)$)" strm=""/>
	<channel id="ORLANDO KIDS HR"							title="(?=ORLANDO\s*KIDS(\s*TV)?(\s*HD)?\s*ex(\s*)?(\s*\-)?(Yu|HR)$)" strm=""/>
	<channel id="OSJEČKA TV HR"								title="(?=OSJE.*KA(\s*TV)?(\s*HD)?\s*ex(\s*)?(\s*\-)?(Yu|HR)$)" strm=""/>
	<channel id="OYO CINEMA HR"								title="(?=OYO\s*CINEMA(\s*TV)?(\s*HD)?\s*ex(\s*)?(\s*\-)?(Yu|HR)$)" strm=""/>
	<channel id="OYO FAMILY HR"								title="(?=OYO\s*FAMILY(\s*TV)?(\s*HD)?\s*ex(\s*)?(\s*\-)?(Yu|HR)$)" strm=""/>
	<channel id="PIKABOO HR"								title="(?=PIKABOO(\s*TV)?(\s*HD)?\s*ex(\s*)?(\s*\-)?(Yu|HR)$)" strm=""/>
	<channel id="PINK PLUS HR"								title="(?=PINK\s*PLUS(\s*TV)?(\s*HD)?\s*ex(\s*)?(\s*\-)?(Yu|HR)$)" strm=""/>
	<channel id="PLANET EARTH HR"							title="(?=PLANET\s*EARTH(\s*TV)?(\s*HD)?\s*ex(\s*)?(\s*\-)?(Yu|HR)$)" strm=""/>
	<channel id="POLJOPRIVREDNA TV HR"						title="(?=POLJOPRIVREDNA(\s*TV)?(\s*HD)?\s*ex(\s*)?(\s*\-)?(Yu|HR)$)" strm=""/>
	<channel id="POZITIV TV HR"								title="(?=POZITIV(\s*TV)?(\s*HD)?\s*ex(\s*)?(\s*\-)?(Yu|HR)$)" strm=""/>
	<channel id="PRO 7 HR"									title="(?=PRO\s*7(\s*TV)?(\s*HD)?\s*ex(\s*)?(\s*\-)?(Yu|HR)$)" strm=""/>
	<channel id="RAI DUE HR"								title="(?=(RAI)(\s*2|DUE)(\s*TV)?(\s*HD)?\s*IT$)" strm=""/>
	<channel id="RAI UNO HR"								title="(?=(RAI)(\s*1|UNO)(\s*TV)?(\s*HD)?\s*IT$)" strm=""/>
	<channel id="RTCG HR"									title="(?=(RTCG|Radio\s*Televizija\s*Crne\s*Gore)(\s*1)?(\s*TV)?(\s*HD)?\s*ex(\s*)?(\s*\-)?(Yu|HR)$)" strm=""/>
	<channel id="RTL CRIME HR"								title="(?=RTL\s*CRIME(\s*TV)?(\s*HD)?\s*ex(\s*)?(\s*\-)?(Yu|HR)$)" strm=""/>
	<channel id="RTL HR"									title="(?=RTL(\s*1)?(\s*TV)?(\s*HD)?\s*ex(\s*)?(\s*\-)?(Yu|HR)$)" strm=""/>
	<channel id="RTL II HR"									title="(?=RTL(\s*II|2)(\s*TV)?(\s*HD)?\s*ex(\s*)?(\s*\-)?(Yu|HR)$)" strm=""/>
	<channel id="RTL KOCKICA HR"							title="(?=RTL\s*KOCKICA(\s*TV)?(\s*HD)?\s*ex(\s*)?(\s*\-)?(Yu|HR)$)" strm=""/>
	<channel id="RTL LIVING HR"								title="(?=RTL\s*LIVING(\s*TV)?(\s*HD)?\s*ex(\s*)?(\s*\-)?(Yu|HR)$)" strm=""/>
	<channel id="RTL PASSION HR"							title="(?=RTL\s*PASSION(\s*TV)?(\s*HD)?\s*ex(\s*)?(\s*\-)?(Yu|HR)$)" strm=""/>
	<channel id="RTL 2 HR"									title="(?=RTL\s*2(\s*HD)?\s*ex(\s*)?(\s*\-)?(Yu|HR)$)" strm=""/>
	<channel id="RTS 1 HR"									title="(?=RTS(\s*1)?(\s*TV)?(\s*HD)?\s*ex(\s*)?(\s*\-)?(Yu|HR)$)" strm=""/>
	<channel id="RTS 2 HR"									title="(?=RTS\s*2(\s*TV)?(\s*HD)?\s*ex(\s*)?(\s*\-)?(Yu|HR)$)" strm=""/>
	<channel id="RTS SAT HR"								title="(?=(RTS)(\s*SAT|SATELIT)(\s*TV)?(\s*HD)?\s*ex(\s*)?(\s*\-)?(Yu|HR)$)" strm=""/>
	<channel id="RTV ATLAS HR"								title="(?=RTV\s*ATLAS(\s*TV)?(\s*HD)?\s*ex(\s*)?(\s*\-)?(Yu|HR)$)" strm=""/>
	<channel id="RTV Banovina HR"							title="(?=RTV\s*BANOVINA(\s*TV)?(\s*HD)?\s*ex(\s*)?(\s*\-)?(Yu|HR)$)" strm=""/>
	<channel id="SBTV HR"									title="(?=SBTV(\s*HD)?\s*ex(\s*)?(\s*\-)?(Yu|HR)$)" strm=""/>
	<channel id="SCI FI HR"									title="(?=SCI\s*FI(\s*TV)?(\s*HD)?\s*ex(\s*)?(\s*\-)?(Yu|HR)$)" strm=""/>
	<channel id="SLAVONSKA TV HR"							title="(?=SLAVONSKA(\s*TV)?(\s*HD)?\s*ex(\s*)?(\s*\-)?(Yu|HR)$)" strm=""/>
	<channel id="JEDNOTKA SLOVENSKA HR"						title="(?=JEDNOTKA(\s*1)?(\s*TV)?(\s*HD)?\s*ex(\s*)?(\s*\-)?(Yu|HR)$)" strm=""/>
	<channel id="DVOJKA SLOVENSKA HR"						title="(?=DVOJKA(\s*2)?(\s*TV)?(\s*HD)?\s*ex(\s*)?(\s*\-)?(Yu|HR)$)" strm=""/>
	<channel id="SMILE OF A CHILD TV HR"					title="(?=SMILE\s*OF\s*A\s*CHILD(\s*TV)?(\s*HD)?\s*ex(\s*)?(\s*\-)?(Yu|HR)$)" strm=""/>
	<channel id="SPORT KLUB 1 HR"							title="(?=(SPORT\s*KLUB|SK)(\s*1)?(\s*HD)?\s*ex(\s*)?(\s*\-)?(Yu|HR)$)" strm=""/>
	<channel id="SPORT KLUB 2 HR"							title="(?=(SPORT\s*KLUB|SK)\s*2(\s*HD)?\s*ex(\s*)?(\s*\-)?(Yu|HR)$)" strm=""/>
	<channel id="SPORT KLUB 3 HR"							title="(?=(SPORT\s*KLUB|SK)\s*3(\s*HD)?\s*ex(\s*)?(\s*\-)?(Yu|HR)$)" strm=""/>
	<channel id="SPORT KLUB 4 HR"							title="(?=(SPORT\s*KLUB|SK)\s*4(\s*HD)?\s*ex(\s*)?(\s*\-)?(Yu|HR)$)" strm=""/>
	<channel id="SPORT KLUB 5 HR"							title="(?=(SPORT\s*KLUB|SK)\s*5(\s*HD)?\s*ex(\s*)?(\s*\-)?(Yu|HR)$)" strm=""/>
	<channel id="SPORT KLUB 6 HR"							title="(?=(SPORT\s*KLUB|SK)\s*6(\s*HD)?\s*ex(\s*)?(\s*\-)?(Yu|HR)$)" strm=""/>
	<channel id="SPORT KLUB GOLF HR"						title="(?=(SPORT\s*KLUB|SK)\s*GOLF(\s*HD)?\s*ex(\s*)?(\s*\-)?(Yu|HR)$)" strm=""/>
	<channel id="SPORTSKA TV HR"							title="(?=(SPTV|SPORTSKA|SPORTSKI)(\s*KANALI)?(\s*TV)?(\s*HD)?\s*ex(\s*)?(\s*\-)?(Yu|HR)$)" strm=""/>
	<channel id="SPORTSKOOL HR"								title="(?=SPORTSKOOL(\s*TV)?(\s*HD)?\s*ex(\s*)?(\s*\-)?(Yu|HR)$)" strm=""/>
	<channel id="SRCE TV HR"								title="(?=SRCE(\s*TV)?(\s*HD)?\s*ex(\s*)?(\s*\-)?(Yu|HR)$)" strm=""/>
	<channel id="TIJI HR"									title="(?=TIJI(\s*TV)?(\s*HD)?\s*ex(\s*)?(\s*\-)?(Yu|HR)$)" strm=""/>
	<channel id="TLC HR"									title="(?=TLC(\s*HD)?\s*ex(\s*)?(\s*\-)?(Yu|HR)$)" strm=""/>
	<channel id="TRACE URBAN HR"							title="(?=TRACE\s*URBAN(\s*TV)?(\s*HD)?\s*ex(\s*)?(\s*\-)?(Yu|HR)$)" strm=""/>
	<channel id="TRAVEL CHANNEL HR"							title="(?=TRAVEL\s*CHANNEL(\s*TV)?(\s*HD)?\s*ex(\s*)?(\s*\-)?(Yu|HR)$)" strm=""/>
	<channel id="TRAVEL XP HR"								title="(?=TRAVEL\s*XP(\s*TV)?(\s*HD)?\s*ex(\s*)?(\s*\-)?(Yu|HR)$)" strm=""/>
	<channel id="TV ESPANA HR"								title="(?=(AL)?(\s*ESPANA)(\s*HD)?\s*ex(\s*)?(\s*\-)?(Yu|HR)$)" strm=""/>
	<channel id="TV ISTRA HR"								title="(?=TV\s*ISTRA(\s*HD)?\s*ex(\s*)?(\s*\-)?(Yu|HR)$)" strm=""/>
	<channel id="TV JADRAN HR"								title="(?=TV\s*JADRAN(\s*HD)?\s*ex(\s*)?(\s*\-)?(Yu|HR)$)" strm=""/>
	<channel id="TV NOVA PULA HR"							title="(?=TV\s*NOVA\s*PULA(\s*HD)?\s*ex(\s*)?(\s*\-)?(Yu|HR)$)" strm=""/>
	<channel id="TV4R HR"									title="(?=TV4R(\s*HD)?\s*ex(\s*)?(\s*\-)?(Yu|HR)$)" strm=""/>
	<channel id="VARAŽDINSKA TELEVIZIJA HR"					title="(?=VARAŽDINSKA\s*TELEVIZIJA(\s*TV)?(\s*HD)?\s*ex(\s*)?(\s*\-)?(Yu|HR)$)" strm=""/>
	<channel id="VH1 CLASSIC HR"							title="(?=VH1\s*Classic(\s*TV)?(\s*HD)?\s*ex(\s*)?(\s*\-)?(Yu|HR)$)" strm=""/>
	<channel id="VH1 HR"									title="(?=VH1(\s*TV)?(\s*HD)?\s*ex(\s*)?(\s*\-)?(Yu|HR)$)" strm=""/>
	<channel id="VIASAT EXPLORE HR"							title="(?=(VIASAT)(\s*EXPLORE)(R)?(\s*HD)?\s*ex(\s*)?(\s*\-)?(Yu|HR)$)" strm=""/>
	<channel id="VIASAT HISTORY HR"							title="(?=(VIASAT)(\s*HISTORY)(\s*HD)?\s*ex(\s*)?(\s*\-)?(Yu|HR)$)" strm=""/>
	<channel id="VIASAT NATURE HR"							title="(?=(VIASAT)(\s*NATURE)(\s*HD)?\s*ex(\s*)?(\s*\-)?(Yu|HR)$)" strm=""/>
	<channel id="VIASAT TV1000 HR"							title="(?=(VIASAT\s*)?TV\s*1000(\s*HD)?\s*ex(\s*)?(\s*\-)?(Yu|HR)$)" strm=""/>
	<channel id="VINKOVAČKA TV HR"							title="(?=VINKOVAČKA(\s*TV)?(\s*HD)?\s*ex(\s*)?(\s*\-)?(Yu|HR)$)" strm=""/>
	<channel id="WNESS HR"									title="(?=WNESS(\s*TV)?(\s*HD)?\s*ex(\s*)?(\s*\-)?(Yu|HR)$)" strm=""/>
	<channel id="WOMAN HR"									title="(?=WOMAN(\s*TV)?(\s*HD)?\s*ex(\s*)?(\s*\-)?(Yu|HR)$)" strm=""/>
	<channel id="Z1 HR"										title="(?=Z1(\s*TV)?(\s*HD)?\s*ex(\s*)?(\s*\-)?(Yu|HR)$)" strm=""/>
	<channel id="ZDRAVA TV-7 HR"							title="(?=ZDRAVA\s*TV\s*(\-)?\s*7(\s*HD)?\s*ex(\s*)?(\s*\-)?(Yu|HR)$)" strm=""/>
	<channel id="ČARLI TV HR"								title="(?=.*ARLI(\s*TV)?(\s*HD)?\s*ex(\s*)?(\s*\-)?(Yu|HR)$)" strm=""/>

	<category name="Movie" 									tags="Obiteljski|Kino-film|Fant|Triler Animacija|Obit|Akcija|Avantura|Drama|Film|Horror|Komedija|Kriminal|Movie|Romantika|Triler Avant|Triler Avantura|Triler Dok|Triler Dokumentaran|Triler Dram|Triler Drama|Triler Fant|Triler Hor|Triler Horror|Triler Krim|Triler Kriminal|Triler Rat|Triler Roman|Triler Romantika"/>
	<category name="Series" 								tags="Sapunica|Sapun|Serijski Film|Sf|Telenovela|Tv Serije"/>
	<category name="Information" 							tags="Kontakt|Politika|Kont|Razgovori|Rasprava|Informativni|Informacija|Info|Informativno Politički Program|Magacin|News|Show Magacin|Vijesti|Emisija za djecu"/>
	<category name="Entertainment" 							tags="Zabava|Kviz|Reality show|Mjuz|Talk show|Show|Show Glazba|Glazba|Glazbeni Program|Informativno Zabavni Program|Melodija|Reality Program|Reality Show|Show Zabava|Zabava|Zabavni Program|Priroda / Putovanja"/>
	<category name="Document" 								tags="Obrazovni|Ratni|Documentary|Dokumentaran|Dokumentarni Film|Rat|Znanstveno Popularni Program"/>
	<category name="Kids" 									tags="Tinejdžerski|Animacija|Dječ|Dječji|Dječji Program|Tinejdž"/>
	<category name="Sport" 									tags="Odbojka|Sport|Sports|Sportski Program|Streličarstvo|Motorne Utrke|Bilijar|Squash|Nogomet"/>
	<category name="Interactive Entertainment" 				tags="Kulinarski show|Vjerski|Ostalo|Kulinar|Kultur|Kulturno Umjetnički Program|Lajfstajl|Lifestyle|Obraz|Pol|Pov|Program Za Slobodno Vrijeme|Reality Kulinar|Religijski Program|Talk Show Kulinar|Vjera|$ADDON[script.mtvguide 30163]"/>
</map>