<?xml version="1.0" encoding="UTF-8" standalone="yes"?>
<addon id="repository.mods-kodi" name="mods-kodi Beta Repository" version="0.1.3" provider-name="mods-kodi.pl">
	<extension point="xbmc.addon.repository" name="mods-kodi Beta Repository">
		<info compressed="false">https://raw.githubusercontent.com/Mariusz89B/mods-kodi/master/addons.xml</info>
		<checksum>https://raw.githubusercontent.com/Mariusz89B/mods-kodi/master/addons.xml.md5</checksum>
		<datadir zip="true">https://github.com/Mariusz89B/mods-kodi/raw/master/</datadir>
	</extension>
	<extension point="xbmc.addon.metadata">
		<summary lang="en">Repozytorium mods-kodi.pl</summary>
		<summary lang="pl">Repository mods-kodi.pl</summary>
		<description lang="en">For more information visit [COLOR cyan][B]mods-kodi.pl[/B][/COLOR] site.</description>
		<description lang="pl">Zapraszamy na [COLOR cyan][B]mods-kodi.pl[/B][/COLOR]</description>
		<platform>all</platform>
		<language></language>
		<website>http://mods-kodi.pl</website>
		<forum>http://mods-kodi.pl/forum</forum>
		<source>https://github.com/Mariusz89B/mods-kodi</source>
		<email>site@mods-kodi.pl</email>
	</extension>
</addon>