<?xml version="1.0" encoding="UTF-8"?>
<map id="base_us" version="1.0" strm="">
	<channel id="5StarMax.us"								title="(?=CineMax\s*5\s*StarMax(\s*HD|\s*UHD)?\s*US$)" strm=""/>
	<channel id="5StarMax.us"								title="(?=CineMax\s*5\s*StarMax\s*US$)" strm=""/>
	<channel id="76ers.tv"									title="(?=NBA\s*PHILADELPHIA\s*76ERS\s*VIP\s*US$)" strm=""/>
	<channel id="ABC7WLS.us"								title="(?=ABC7\s*Chicago(\s*HD|\s*UHD)?\s*US$)" strm=""/>
	<channel id="AMC.us"									title="(?=AMC(\s*HD|\s*UHD)?\s*US$)" strm=""/>
	<channel id="AMC.us"									title="(?=AMC\s*US$)" strm=""/>
	<channel id="AXSTV.us"									title="(?=AXS(\s*TV)?(\s*HD|\s*UHD)?\s*US$)" strm=""/>
	<channel id="AandE.us"									title="(?=A(and|&amp;)E(\s*HD|\s*UHD)?\s*US$)" strm=""/>
	<channel id="AandE.us"									title="(?=A(and|&amp;)E(\s*TV)?(\s*HD|\s*UHD)?\s*US$)" strm=""/>
	<channel id="Accuweather.us"							title="(?=AccuWeather\s*US$)" strm=""/>
	<channel id="AmericanHeroesChannel.us"					title="(?=American\s*Heroes(\s*HD|\s*UHD)?\s*US$)" strm=""/>
	<channel id="AnimalPlanet.us"							title="(?=Animal\s*Planet(\s*HD|\s*UHD)?\s*US$)" strm=""/>
	<channel id="AnimalPlanet.us"							title="(?=Animal\s*Planet\s*US$)" strm=""/>
	<channel id="AntennaTV.us"								title="(?=Antenna(\s*TV)?\s*US$)" strm=""/>
	<channel id="BBCAmerica.us"								title="(?=BBC\s*America(\s*HD|\s*UHD)?\s*US$)" strm=""/>
	<channel id="BBCAmerica.us"								title="(?=BBC\s*America\s*US$)" strm=""/>
	<channel id="BET.us"									title="(?=BET(\s*HD|\s*UHD)?\s*US$)" strm=""/>
	<channel id="BETSoul.us"								title="(?=BET\s*SOUL\s*US$)" strm=""/>
	<channel id="BETjams.us"								title="(?=BET\s*Jams\s*US$)" strm=""/>
	<channel id="BNC.us"									title="(?=Black\s*News\s*Channel\s*US$)" strm=""/>
	<channel id="BetHer.us"									title="(?=BET\s*HER(\s*HD|\s*UHD)?\s*US$)" strm=""/>
	<channel id="BigTenNetwork.us"							title="(?=BIG\s*TEN\s*NETWORK\s*US$)" strm=""/>
	<channel id="Blazers.tv"								title="(?=NBA\s*PORTLAND\s*TRAIL\s*BLAZERS\s*VIP\s*US$)" strm=""/>
	<channel id="BloombergTV.us"							title="(?=Bloomberg(\s*HD|\s*UHD)?\s*US$)" strm=""/>
	<channel id="BloombergTV.us"							title="(?=Bloomberg(\s*TV)?(\s*HD|\s*UHD)?\s*US$)" strm=""/>
	<channel id="BloombergTV.us"							title="(?=Bloomberg(\s*TV)?\s*US$)" strm=""/>
	<channel id="BloombergTV.us"							title="(?=Bloomberg\s*US$)" strm=""/>
	<channel id="Boomerang.us"								title="(?=Boomerang(\s*HD|\s*UHD)?\s*US$)" strm=""/>
	<channel id="Boomerang.us"								title="(?=Boomerang\s*US$)" strm=""/>
	<channel id="BounceTV.us"								title="(?=Bounce(\s*TV)?\s*US$)" strm=""/>
	<channel id="Bravo.us"									title="(?=Bravo(\s*HD|\s*UHD)?\s*US$)" strm=""/>
	<channel id="Bucks.tv"									title="(?=NBA\s*MILWAUKEE\s*BUCKS\s*VIP\s*US$)" strm=""/>
	<channel id="Bulls.tv"									title="(?=NBA\s*CHICAGO\s*BULLS\s*VIP\s*US$)" strm=""/>
	<channel id="BuzzrTV.us"								title="(?=Buzzr(\s*HD|\s*UHD)?\s*US$)" strm=""/>
	<channel id="CBSSportsNetwork.us"						title="(?=CBS\s*SPORTS\s*HQ$)" strm=""/>
	<channel id="CBSSportsNetwork.us"						title="(?=CBS\s*Sports\s*Network(\s*HD|\s*UHD)?\s*US$)" strm=""/>
	<channel id="CBSSportsNetwork.us"						title="(?=CBS\s*Sports\s*Network\s*US$)" strm=""/>
	<channel id="CBSWBBM.us"								title="(?=CBS2\s*Chicago(\s*HD|\s*UHD)?\s*US$)" strm=""/>
	<channel id="CMT.us"									title="(?=CMT(\s*HD|\s*UHD)?\s*US$)" strm=""/>
	<channel id="CNBC.us"									title="(?=CNBC(\s*HD|\s*UHD)?\s*US$)" strm=""/>
	<channel id="CNBC.us"									title="(?=CNBC\s*US$)" strm=""/>
	<channel id="CNN.us"									title="(?=CNN(\s*HD|\s*UHD)?\s*US$)" strm=""/>
	<channel id="CNN.us"									title="(?=CNN\s*US$)" strm=""/>
	<channel id="CTVComedy.ca"								title="(?=CTV\s*COMEDY(\s*HD|\s*UHD)?\s*US$)" strm=""/>
	<channel id="CTVDrama.ca"								title="(?=CTV\s*DRAMA(\s*HD|\s*UHD)?\s*US$)" strm=""/>
	<channel id="CTVSciFi.ca"								title="(?=CTV\s*sci(\-|\s*)fi(\s*HD|\s*UHD)?\s*US$)" strm=""/>
	<channel id="CartoonNetwork.us"							title="(?=Cartoon\s*Network(\s*HD|\s*UHD)?\s*US$)" strm=""/>
	<channel id="CartoonNetwork.us"							title="(?=Cartoon\s*Network\s*US$)" strm=""/>
	<channel id="Cavaliers.tv"								title="(?=NBA\s*CLEVELAND\s*CAVALIERS\s*VIP\s*US$)" strm=""/>
	<channel id="Celtics.tv"								title="(?=NBA\s*BOSTON\s*CELTICS\s*VIP\s*US$)" strm=""/>
	<channel id="CheddarBusiness.us"						title="(?=Cheddar(\s*HD|\s*UHD)?\s*US$)" strm=""/>
	<channel id="Cinemax.us"								title="(?=Cinemax\s*US$)" strm=""/>
	<channel id="Clippers.tv"								title="(?=NBA\s*LOS\s*ANGELES\s*CLIPPERS\s*VIP\s*US$)" strm=""/>
	<channel id="ComedyCentral.us"							title="(?=Comedy\s*Central(\s*HD|\s*UHD)?\s*US$)" strm=""/>
	<channel id="ComedyCentral.us"							title="(?=Comedy\s*Central\s*US$)" strm=""/>
	<channel id="Comet.us"									title="(?=Comet\s*tv(\s*HD|\s*UHD)?\s*US$)" strm=""/>
	<channel id="CookingChannel.us"							title="(?=COOKING\s*CHANNEL\s*US$)" strm=""/>
	<channel id="CookingChannel.us"							title="(?=Cooking\s*Channel(\s*HD|\s*UHD)?\s*US$)" strm=""/>
	<channel id="CourtTV.us"								title="(?=Court(\s*TV)?\s*US$)" strm=""/>
	<channel id="CoziTV.us"									title="(?=Cozi(\s*TV)?\s*US$)" strm=""/>
	<channel id="DAZN.ca"									title="(?=DAZN\s*1\s*VIP\s*SPORTS$)" strm=""/>
	<channel id="DAZN.ca"									title="(?=DAZN\s*2\s*VIP\s*SPORTS$)" strm=""/>
	<channel id="DestinationAmerica.us"						title="(?=Destination\s*America(\s*HD|\s*UHD)?\s*US$)" strm=""/>
	<channel id="DiscoveryChannel.us"						title="(?=Discovery\s*Channel(\s*HD|\s*UHD)?\s*US$)" strm=""/>
	<channel id="DiscoveryChannel.us"						title="(?=Discovery\s*Channel\s*US$)" strm=""/>
	<channel id="DiscoveryChannel.us"						title="(?=Investigation\s*Discovery(\s*HD|\s*UHD)?\s*US$)" strm=""/>
	<channel id="DiscoveryFamily.us"						title="(?=Discovery\s*Family(\s*HD|\s*UHD)?\s*US$)" strm=""/>
	<channel id="DiscoveryLife.us"							title="(?=Discovery\s*Life(\s*HD|\s*UHD)?\s*US$)" strm=""/>
	<channel id="DisneyChannel.us"							title="(?=Disney\s*Channel(\s*HD|\s*UHD)?\s*US$)" strm=""/>
	<channel id="DisneyChannel.us"							title="(?=Disney\s*Channel\s*UK$)" strm=""/>
	<channel id="DisneyJunior.us"							title="(?=Disney\s*Junior(\s*HD|\s*UHD)?\s*US$)" strm=""/>
	<channel id="DisneyXD.us"								title="(?=Disney\s*XD(\s*HD|\s*UHD)?\s*US$)" strm=""/>
	<channel id="DoItYourselfNetwork.us"					title="(?=DIY\s*Network(\s*HD|\s*UHD)?\s*US$)" strm=""/>
	<channel id="DoItYourselfNetwork.us"					title="(?=DIY\s*Network\s*US$)" strm=""/>
	<channel id="EEntertainment.us"							title="(?=E!\s*Entertainment(\s*HD|\s*UHD)?\s*US$)" strm=""/>
	<channel id="EPIX.us"									title="(?=EPIX\s*(\s*HD|\s*UHD)?\s*US$)" strm=""/>
	<channel id="EPIX2.us"									title="(?=EPIX\s*2(\s*HD|\s*UHD)?\s*US$)" strm=""/>
	<channel id="EPIXHits.us"								title="(?=EPIX\s*HITS(\s*HD|\s*UHD)?\s*US$)" strm=""/>
	<channel id="ESPN.us"									title="(?=ESPN\s*1(\s*HD|\s*UHD)?\s*US$)" strm=""/>
	<channel id="ESPN.us"									title="(?=ESPN\s*1\s*US$)" strm=""/>
	<channel id="ESPN2.us"									title="(?=ESPN\s*2(\s*HD|\s*UHD)?\s*US$)" strm=""/>
	<channel id="ESPN2.us"									title="(?=ESPN\s*2\s*US$)" strm=""/>
	<channel id="ESPNU.us"									title="(?=ESPN\s*U(\s*HD|\s*UHD)?\s*US$)" strm=""/>
	<channel id="EpixDriveIn.us"							title="(?=EPIX\s*DRIVE\s*IN(\s*HD|\s*UHD)?\s*US$)" strm=""/>
	<channel id="FOX32WFLD.us"								title="(?=Fox32\s*Chicago(\s*HD|\s*UHD)?\s*US$)" strm=""/>
	<channel id="FOXSoccerPlus.us"							title="(?=Fox\s*Soccer\s*Plus(\s*HD|\s*UHD)?\s*US$)" strm=""/>
	<channel id="FOXSoccerPlus.us"							title="(?=Fox\s*Soccer\s*Plus\s*US$)" strm=""/>
	<channel id="FX.mx"										title="(?=FXM(\s*HD|\s*UHD)?\s*US$)" strm=""/>
	<channel id="FX.us"										title="(?=FX(\s*HD|\s*UHD)?\s*US$)" strm=""/>
	<channel id="FX.us"										title="(?=FX\s*US$)" strm=""/>
	<channel id="FXX.us"									title="(?=FXX(\s*HD|\s*UHD)?\s*US$)" strm=""/>
	<channel id="FXX.us"									title="(?=FXX\s*East(\s*HD|\s*UHD)?\s*US$)" strm=""/>
	<channel id="FYI.us"									title="(?=FYI(\s*HD|\s*UHD)?\s*US$)" strm=""/>
	<channel id="FoodNetwork.us"							title="(?=Food\s*Network(\s*HD|\s*UHD)?\s*US$)" strm=""/>
	<channel id="FoodNetwork.us"							title="(?=Food\s*Network\s*US$)" strm=""/>
	<channel id="FoxBusiness.us"							title="(?=Fox\s*Business(\s*HD|\s*UHD)?\s*US$)" strm=""/>
	<channel id="FoxNews.us"								title="(?=Fox\s*News(\s*HD|\s*UHD)?\s*US$)" strm=""/>
	<channel id="FoxSports1.us"								title="(?=Fox\s*Sports\s*1(\s*HD|\s*UHD)?\s*US$)" strm=""/>
	<channel id="FoxSports1.us"								title="(?=Fox\s*Sports\s*1\s*US$)" strm=""/>
	<channel id="FoxSports2.us"								title="(?=Fox\s*Sports\s*2(\s*HD|\s*UHD)?\s*US$)" strm=""/>
	<channel id="FoxSports2.us"								title="(?=Fox\s*Sports\s*2\s*US$)" strm=""/>
	<channel id="FreeSpeech.us"								title="(?=Free\s*Speech(\s*TV)?\s*US$)" strm=""/>
	<channel id="Freeform.us"								title="(?=FreeForm(\s*HD|\s*UHD)?\s*US$)" strm=""/>
	<channel id="Freeform.us"								title="(?=Free\s*Form(\s*HD|\s*UHD)?\s*US$)" strm=""/>
	<channel id="FuseTV.us"									title="(?=Fuse(\s*TV)?(\s*HD|\s*UHD)?\s*US$)" strm=""/>
	<channel id="GameShowNetwork.us"						title="(?=GSN(\s*HD|\s*UHD)?\s*US$)" strm=""/>
	<channel id="GolfChannel.us"							title="(?=NBC\s*Golf\s*Channel(\s*HD|\s*UHD)?\s*US$)" strm=""/>
	<channel id="GolfChannel.us"							title="(?=NBC\s*Golf\s*Channel\s*US$)" strm=""/>
	<channel id="Grizzlies.tv"								title="(?=NBA\s*MEMPHIS\s*GRIZZLIES\s*VIP\s*US$)" strm=""/>
	<channel id="HBO.us"									title="(?=HBO(\s*HD|\s*UHD)?\s*US$)" strm=""/>
	<channel id="HBO.us"									title="(?=HBO\s*US$)" strm=""/>
	<channel id="HBO2.us"									title="(?=HBO\s*2\s*US$)" strm=""/>
	<channel id="HBOComedy.us"								title="(?=HBO\s*Comedy(\s*HD|\s*UHD)?\s*US$)" strm=""/>
	<channel id="HBOFamily.us"								title="(?=HBO\s*Family(\s*HD|\s*UHD)?\s*US$)" strm=""/>
	<channel id="HBOLatino.us"								title="(?=HBO\s*LATINO(\s*HD|\s*UHD)?\s*US$)" strm=""/>
	<channel id="HBOSignature.id"							title="(?=HBO\s*Signature\s*US$)" strm=""/>
	<channel id="HBOSignature.us"							title="(?=HBO\s*Signature(\s*HD|\s*UHD)?\s*US$)" strm=""/>
	<channel id="HBOZone.us"								title="(?=HBO\s*Zone\s*US$)" strm=""/>
	<channel id="HDNetMovies.us"							title="(?=HDNET\s*MOVIES(\s*HD|\s*UHD)?\s*US$)" strm=""/>
	<channel id="HGTV.us"									title="(?=HGTV(\s*HD|\s*UHD)?\s*US$)" strm=""/>
	<channel id="HGTV.us"									title="(?=HGTV\s*US$)" strm=""/>
	<channel id="HLN.us"									title="(?=HLN\s*US$)" strm=""/>
	<channel id="Hallmark.us"								title="(?=Hallmark\s*Channel(\s*HD|\s*UHD)?\s*US$)" strm=""/>
	<channel id="Hallmark.us"								title="(?=Hallmark\s*US$)" strm=""/>
	<channel id="HallmarkDrama.us"							title="(?=HALLMARK\s*DRAMA(\s*HD|\s*UHD)?\s*US$)" strm=""/>
	<channel id="HallmarkMoviesMysteries.us"				title="(?=Hallmark\s*Movies\s*(and|&amp;)\s*Mysteries(\s*HD|\s*UHD)?\s*US$)" strm=""/>
	<channel id="Hawks.tv"									title="(?=NBA\s*ATLANTA\s*HAWKS\s*VIP\s*US$)" strm=""/>
	<channel id="Heat.tv"									title="(?=NBA\s*MIAMI\s*HEAT\s*VIP\s*US$)" strm=""/>
	<channel id="HistoryChannel.us"							title="(?=History(\s*HD|\s*UHD)?\s*US$)" strm=""/>
	<channel id="HistoryChannel.us"							title="(?=History\s*US$)" strm=""/>
	<channel id="Hornets.tv"								title="(?=NBA\s*CHARLOTTE\s*HORNETS\s*VIP\s*US$)" strm=""/>
	<channel id="ION.us"									title="(?=ION(\s*TV)?(\s*HD|\s*UHD)?\s*US$)" strm=""/>
	<channel id="IndependentFilmChannel.us"					title="(?=IFC(\s*HD|\s*UHD)?\s*US$)" strm=""/>
	<channel id="InvestigationDiscovery.us"					title="(?=Investigation\s*Discovery(\s*HD|\s*UHD)?\s*US$)" strm=""/>
	<channel id="Jazz.tv"									title="(?=NBA\s*UTAH\s*JAZZ\s*VIP\s*US$)" strm=""/>
	<channel id="Kings.tv"									title="(?=NBA\s*SACRAMENTO\s*KINGS\s*VIP\s*US$)" strm=""/>
	<channel id="Knicks.tv"									title="(?=NBA\s*NEW\s*YORK\s*KNICKS\s*VIP\s*US$)" strm=""/>
	<channel id="Lakers.tv"									title="(?=NBA\s*LOS\s*ANGELES\s*LAKERS\s*VIP\s*US$)" strm=""/>
	<channel id="LifetimeMovies.us"							title="(?=Lifetime\s*Movies(\s*HD|\s*UHD)?\s*US$)" strm=""/>
	<channel id="LifetimeNetwork.us"						title="(?=Lifetime(\s*HD|\s*UHD)?\s*US$)" strm=""/>
	<channel id="Logo.us"									title="(?=Logo(\s*HD|\s*UHD)?\s*US$)" strm=""/>
	<channel id="LonghornNetwork.us"						title="(?=LONGHORN\s*NETWORK(\s*HD|\s*UHD)?\s*US$)" strm=""/>
	<channel id="MGM.us"									title="(?=MGM\s*US$)" strm=""/>
	<channel id="MLBNetwork.us"								title="(?=MLB(\s*HD|\s*UHD)?\s*US$)" strm=""/>
	<channel id="MLBNetwork.us"								title="(?=MLB\s*Network(\s*HD|\s*UHD)?\s*US$)" strm=""/>
	<channel id="MLBNetwork.us"								title="(?=MLB\s*Network\s*US$)" strm=""/>
	<channel id="MSNBC.us"									title="(?=MSNBC(\s*HD|\s*UHD)?\s*US$)" strm=""/>
	<channel id="MSNBC.us"									title="(?=MSNBC(\s*HD|\s*UHD)?\s*Web\s*US$)" strm=""/>
	<channel id="MTV.us"									title="(?=MTV(\s*HD|\s*UHD)?\s*US$)" strm=""/>
	<channel id="MTV2.us"									title="(?=MTV2(\s*HD|\s*UHD)?\s*US$)" strm=""/>
	<channel id="MTVBase.uk"								title="(?=MTV\s*Base(\s*HD|\s*UHD)?\s*US$)" strm=""/>
	<channel id="MTVClassic.us"								title="(?=MTV\s*Classic(\s*HD|\s*UHD)?\s*US$)" strm=""/>
	<channel id="MTVLive.us"								title="(?=MTV\s*LIVE(\s*HD|\s*UHD)?\s*US$)" strm=""/>
	<channel id="MTVU.us"									title="(?=MTV\s*U(\s*HD|\s*UHD)?\s*US$)" strm=""/>
	<channel id="Magic.tv"									title="(?=NBA\s*ORLANDO\s*MAGIC\s*VIP\s*US$)" strm=""/>
	<channel id="Mavericks.tv"								title="(?=NBA\s*DALLAS\s*MAVERICKS\s*VIP\s*US$)" strm=""/>
	<channel id="MoreMax.us"								title="(?=Cinemax\s*MoreMax(\s*HD|\s*UHD)?\s*US$)" strm=""/>
	<channel id="MotorTrend.us"								title="(?=Motorsport(\s*HD|\s*UHD)?\s*US$)" strm=""/>
	<channel id="MotorTrend.us"								title="(?=Motortrend(\s*HD|\s*UHD)?\s*US$)" strm=""/>
	<channel id="NBATV.us"									title="(?=NBA(\s*HD|\s*UHD)?\s*US$)" strm=""/>
	<channel id="NBATV.us"									title="(?=NBA(\s*TV)?(\s*HD|\s*UHD)?\s*US$)" strm=""/>
	<channel id="NBATV.us"									title="(?=NBA(\s*TV)?\s*US$)" strm=""/>
	<channel id="NBC5WMAQ.us"								title="(?=NBC\s*5\s*WMAQ\s*Chicago(\s*HD|\s*UHD)?\s*US$)" strm=""/>
	<channel id="NBCSportsChicago.us"						title="(?=NBC\s*Sports\s*Chicago(\s*HD|\s*UHD)?\s*US$)" strm=""/>
	<channel id="NBCSportsNetwork.us"						title="(?=NBC\s*Sports\s*Network(\s*HD|\s*UHD)?\s*US$)" strm=""/>
	<channel id="NFLNetwork.us"								title="(?=NFL\s*Network(\s*HD|\s*UHD)?\s*US$)" strm=""/>
	<channel id="NFLNetwork.us"								title="(?=NFL\s*Network\s*US$)" strm=""/>
	<channel id="NFLRedZone.us"								title="(?=NFL\s*Redzone(\s*HD|\s*UHD)?\s*US$)" strm=""/>
	<channel id="NHLNetwork.us"								title="(?=NHL\s*Network(\s*HD|\s*UHD)?\s*US$)" strm=""/>
	<channel id="NHLNetwork.us"								title="(?=NHL\s*Network\s*US$)" strm=""/>
	<channel id="NasaTV.ba"									title="(?=Nasa(\s*TV)?(\s*HD|\s*UHD)?\s*US$)" strm=""/>
	<channel id="NatGeo.us"									title="(?=National\s*Geographic(\s*HD|\s*UHD)?\s*US$)" strm=""/>
	<channel id="NatGeoWild.us"								title="(?=Nat\s*Geo\s*Wild(\s*HD|\s*UHD)?\s*US$)" strm=""/>
	<channel id="Nets.tv"									title="(?=NBA\s*BROOKLYN\s*NETS\s*VIP\s*US$)" strm=""/>
	<channel id="NewEnglandSportsNetwork.us"				title="(?=NESN(\s*HD|\s*UHD)?\s*US$)" strm=""/>
	<channel id="NewEnglandSportsNetworkPlus.us"			title="(?=NESN\s*Plus(\s*HD|\s*UHD)?\s*US$)" strm=""/>
	<channel id="Newsmax.us"								title="(?=Newsmax(\s*TV)?(\s*HD|\s*UHD)?\s*US$)" strm=""/>
	<channel id="NickMusic.us"								title="(?=Nick\s*Music\s*US$)" strm=""/>
	<channel id="Nicktoons.us"								title="(?=Nicktoons(\s*HD|\s*UHD)?\s*US$)" strm=""/>
	<channel id="Nuggets.tv"								title="(?=NBA\s*DENVER\s*NUGGETS\s*VIP\s*US$)" strm=""/>
	<channel id="OlympicChannel.us"							title="(?=Olympic\s*Channel(\s*HD|\s*UHD)?\s*US$)" strm=""/>
	<channel id="OneAmericaNews.us"							title="(?=One\s*America\s*News\s*US$)" strm=""/>
	<channel id="OprahWinfreyNetwork.us"					title="(?=Oprah\s*Winfrey\s*Network(\s*HD|\s*UHD)?\s*US$)" strm=""/>
	<channel id="OutdoorChannel.us"							title="(?=Outdoor\s*Channel(\s*HD|\s*UHD)?\s*US$)" strm=""/>
	<channel id="Oxygen.us"									title="(?=Oxygen(\s*HD|\s*UHD)?\s*US$)" strm=""/>
	<channel id="PAC12Arizona.us"							title="(?=PAC(\-|\s*)12\s*Arizona\s*US$)" strm=""/>
	<channel id="PAC12BayArea.us"							title="(?=PAC(\-|\s*)12\s*Bay\s*Area\s*US$)" strm=""/>
	<channel id="PAC12LosAngeles.us"						title="(?=PAC(\-|\s*)12\s*Los\s*Angeles\s*US$)" strm=""/>
	<channel id="PAC12Oregon.us"							title="(?=PAC(\-|\s*)12\s*Oregon\s*US$)" strm=""/>
	<channel id="PAC12Washington.us"						title="(?=PAC(\-|\s*)12\s*Washington\s*US$)" strm=""/>
	<channel id="Pacers.tv"									title="(?=NBA\s*INDIANA\s*PACERS\s*VIP\s*US$)" strm=""/>
	<channel id="ParamountNetwork.us"						title="(?=Paramount\s*Network(\s*HD|\s*UHD)?\s*US$)" strm=""/>
	<channel id="ParamountNetwork.us"						title="(?=Paramount\s*Network\s*US$)" strm=""/>
	<channel id="Pelicans.tv"								title="(?=NBA\s*NEW\s*ORLEANS\s*PELICANS\s*VIP\s*US$)" strm=""/>
	<channel id="Pistons.tv"								title="(?=NBA\s*DETROIT\s*PISTONS\s*VIP\s*US$)" strm=""/>
	<channel id="Raptors.tv"								title="(?=NBA\s*TORONTO\s*RAPTORS\s*VIP\s*US$)" strm=""/>
	<channel id="RedBullTV.us"								title="(?=Redbull(\s*TV)?(\s*HD|\s*UHD)?\s*US$)" strm=""/>
	<channel id="ReelzChannel.us"							title="(?=Reelz(\s*HD|\s*UHD)?\s*US$)" strm=""/>
	<channel id="Revolt.us"									title="(?=Revolt(\s*HD|\s*UHD)?\s*US$)" strm=""/>
	<channel id="Rockets.tv"								title="(?=NBA\s*HOUSTON\s*ROCKETS\s*VIP\s*US$)" strm=""/>
	<channel id="SECNetwork.us"								title="(?=SEC\s*Network(\s*HD|\s*UHD)?\s*US$)" strm=""/>
	<channel id="Science.us"								title="(?=Discovery\s*Science(\s*HD|\s*UHD)?\s*US$)" strm=""/>
	<channel id="Showtime.us"								title="(?=Showtime(\s*HD|\s*UHD)?\s*US$)" strm=""/>
	<channel id="Showtime.us"								title="(?=Showtime\s*US$)" strm=""/>
	<channel id="Showtime2.us"								title="(?=Showtime\s*2(\s*HD|\s*UHD)?\s*US$)" strm=""/>
	<channel id="Showtime2.us"								title="(?=Showtime\s*2\s*US$)" strm=""/>
	<channel id="ShowtimeShowcase.us"						title="(?=Showtime\s*Showcase(\s*HD|\s*UHD)?\s*US$)" strm=""/>
	<channel id="SmithsonianChannel.us"						title="(?=Smithsonian\s*Channel(\s*HD|\s*UHD)?\s*US$)" strm=""/>
	<channel id="SportsmanChannel.us"						title="(?=SPORTSMAN\s*CHANNEL\s*US$)" strm=""/>
	<channel id="Spurs.tv"									title="(?=NBA\s*SAN\s*ANTONIO\s*SPURS\s*VIP\s*US$)" strm=""/>
	<channel id="StartTV.us"								title="(?=Start(\s*TV)?(\s*HD|\s*UHD)?\s*US$)" strm=""/>
	<channel id="Starz.us"									title="(?=Starz\s*US$)" strm=""/>
	<channel id="StarzComedy.us"							title="(?=Starz\s*Comedy\s*US$)" strm=""/>
	<channel id="StarzEdge.us"								title="(?=Starz\s*Edge(\s*HD|\s*UHD)?\s*US$)" strm=""/>
	<channel id="StarzEdge.us"								title="(?=Starz\s*Edge\s*US$)" strm=""/>
	<channel id="StarzEncore.us"							title="(?=Starz\s*Encore(\s*HD|\s*UHD)?\s*US$)" strm=""/>
	<channel id="StarzEncore.us"							title="(?=Starz\s*Encore\s*US$)" strm=""/>
	<channel id="StarzEncoreAction.us"						title="(?=Starz\s*Encore\s*Action\s*US$)" strm=""/>
	<channel id="StarzEncoreFamily.us"						title="(?=Starz\s*Encore\s*Family\s*US$)" strm=""/>
	<channel id="StarzEncoreWesterns.us"					title="(?=Starz\s*Encore\s*Western\s*US$)" strm=""/>
	<channel id="StarzInBlack.us"							title="(?=Starz\s*In\s*Black\s*US$)" strm=""/>
	<channel id="StarzKidsFamily.us"						title="(?=Starz\s*Kids\s*(and|&amp;)\s*Family\s*US$)" strm=""/>
	<channel id="SundanceTV.us"								title="(?=SUNDANCE\s*US$)" strm=""/>
	<channel id="Suns.tv"									title="(?=NBA\s*PHOENIX\s*SUNS\s*VIP\s*US$)" strm=""/>
	<channel id="Syfy.us"									title="(?=SyFy(\s*HD|\s*UHD)?\s*US$)" strm=""/>
	<channel id="TBDTV.us"									title="(?=TBD(\s*HD|\s*UHD)?\s*US$)" strm=""/>
	<channel id="TBS.us"									title="(?=TBS(\s*HD|\s*UHD)?\s*US$)" strm=""/>
	<channel id="TLC.us"									title="(?=TLC(\s*HD|\s*UHD)?\s*US$)" strm=""/>
	<channel id="TNT.us"									title="(?=TNT(\s*HD|\s*UHD)?\s*US$)" strm=""/>
	<channel id="TNT.us"									title="(?=TNT\s*US$)" strm=""/>
	<channel id="TVG2.us"									title="(?=TVG2(\s*HD|\s*UHD)?\s*US$)" strm=""/>
	<channel id="TVLandEast.us"								title="(?=Tvland(\s*HD|\s*UHD)?\s*US$)" strm=""/>
	<channel id="TennisChannel.us"							title="(?=Tennis\s*Channel(\s*HD|\s*UHD)?\s*US$)" strm=""/>
	<channel id="TheCowboyChannel.us"						title="(?=COWBOY\s*CHANNEL(\s*HD|\s*UHD)?\s*US$)" strm=""/>
	<channel id="Thunder.tv"								title="(?=NBA\s*OKLAHOMA\s*CITY\s*THUNDER\s*VIP\s*US$)" strm=""/>
	<channel id="Timberwolves.tv"							title="(?=NBA\s*MINNESOTA\s*TIMBERWOLVES\s*VIP\s*US$)" strm=""/>
	<channel id="TravelChannel.us"							title="(?=Travel\s*Channel(\s*HD|\s*UHD)?\s*US$)" strm=""/>
	<channel id="TurnerClassicMovies.us"					title="(?=TCM(\s*HD|\s*UHD)?\s*US$)" strm=""/>
	<channel id="UFC.tv"									title="(?=UFC\s*Fight\s*Pass\s*VIP\s*US$)" strm=""/>
	<channel id="USANetwork.us"								title="(?=USA(\s*HD|\s*UHD)?\s*US$)" strm=""/>
	<channel id="UniversalKids.us"							title="(?=Universal\s*Kids(\s*HD|\s*UHD)?\s*US$)" strm=""/>
	<channel id="VH1.us"									title="(?=VH1\s*Classic\s*US$)" strm=""/>
	<channel id="Viceland.us"								title="(?=Viceland(\s*HD|\s*UHD)?\s*US$)" strm=""/>
	<channel id="WGN9Chicago.us"							title="(?=WGN(\-|\s*)TV\s*9\s*Chicago(\s*HD|\s*UHD)?\s*US$)" strm=""/>
	<channel id="WGN9Chicago.us"							title="(?=WGN(\-|\s*)TV\s*9\s*Chicago\s*US$)" strm=""/>
	<channel id="WGNAmerica.us"								title="(?=WGN\s*America(\s*HD|\s*UHD)?\s*US$)" strm=""/>
	<channel id="WLWTDT2.us"								title="(?=ME(\s*TV)?(\s*HD|\s*UHD)?\s*US$)" strm=""/>
	<channel id="WWE.us"									title="(?=WWE\s*Network(\s*HD|\s*UHD)?\s*US$)" strm=""/>
	<channel id="WWE.us"									title="(?=WWE\s*Network\s*2(\s*HD|\s*UHD)?\s*US$)" strm=""/>
	<channel id="WWE.us"									title="(?=WWE\s*Network\s*2\s*US$)" strm=""/>
	<channel id="WWE.us"									title="(?=WWE\s*Network\s*US$)" strm=""/>
	<channel id="Warriors.tv"								title="(?=NBA\s*GOLDEN\s*STATE\s*WARRIORS\s*VIP\s*US$)" strm=""/>
	<channel id="WeTV.us"									title="(?=We(\s*TV)?(\s*HD|\s*UHD)?\s*US$)" strm=""/>
	<channel id="WeatherChannel.us"							title="(?=The\s*Weather\s*Channel(\s*HD|\s*UHD)?\s*US$)" strm=""/>
	<channel id="WeatherNation.us"							title="(?=WEATHER\s*NATION(\s*HD|\s*UHD)?\s*US$)" strm=""/>
	<channel id="Wizards.tv"								title="(?=NBA\s*WASHINGTON\s*WIZARDS\s*VIP\s*US$)" strm=""/>
	<channel id="WorldFishingNetwork.us"					title="(?=WORLD\s*FISHING\s*NETWORK(\s*HD|\s*UHD)?\s*US$)" strm=""/>
	<channel id="YESNetwork.us"								title="(?=Yes\s*Network(\s*HD|\s*UHD)?\s*US$)" strm=""/>
	<channel id="truTV.us"									title="(?=truTV(\s*HD|\s*UHD)?\s*US$)" strm=""/>

	<category name="Movie" 									tags="Action|Action \ Comedy|Adventure|Classic|Comedy|Comedy \ Drama|Drama|Fable|Family|Fantasy|Horror|Movies|Mystery|Romance|Sci-Fi|Science|Short Film|Spy|Suspense|Thriller|True Story|Western"/>
	<category name="Series" 								tags="Sitcom|Soaps"/>
	<category name="Information" 							tags="Business|Current Affairs|Discussion|Financial|Legal|News|News Magazine|Political"/>
	<category name="Entertainment" 							tags="Awards|Cards|Dance|Fashion|Game Shows|Music|Musical|Paid Program|Radio|Reality TV|Shopping|Talk Show|Talk Shows"/>
	<category name="Document" 								tags="Animals|Anthology|Automotive|Biography|Computers &amp; Technologies|Crime Story|Cultural Magazine|Docu-Drama|Docu-Series|Documentary|Environmental|History|Religious|War"/>
	<category name="Kids" 									tags="Animated|Children|"/>
	<category name="Sport" 									tags="Athletics|Australian Rules Football|Auto Racing|Baseball|Basketball|Boating|Bowling|Boxing|Curling|Cycling|Equestrian|Fishing|Fitness|Football|Golf|Gymnastics|Hockey|Horse Racing|Lacrosse|Martial Arts|Motorcycle Racing|Olympics|Performing Arts|Rugby|Skating|Soccer|Softball|Sport|Sports|Tennis|Triathlon|Volleyball|Watersports|Winter Sports|Wrestling|eSports"/>
	<category name="Interactive Entertainment" 				tags="Adult|Christmas|Epic|Extreme|Food|Garden|Hallowe'en|Health|Hobbies &amp; Crafts|Home|Hunting|Instructional|Lifestyle|Local|Miscellaneous|New Age|Outdoors|Regular|Rodeo|Specials|TBA|Thanksgiving|Track &amp; Field|Travel"/>
</map>