<?xml version="1.0" encoding="utf-8"?>
<window>
	<aspectratio>scale</aspectratio>
	<defaultcontrol></defaultcontrol>
	<zorder>2</zorder>
	<controls>

		<control type="group">
			<depth>DepthMax</depth>
			<top>85</top>
			<right>0</right>
			<width>640</width>
			
			<control type="image">
				<left>0</left>
				<top>0</top>
				<width>640</width>
				<height>160</height>
				<texture>dialogs/dialog-bg-nobo.png</texture>
				<bordertexture border="21">dialogs/shadow.png</bordertexture>
				<bordersize>20</bordersize>
				<animation type="Visible">
					<effect type="fade" end="100" time="200" />
					<effect type="fade" start="0" end="100" time="300" tween="sine" easing="out" />
					<effect type="slide" start="320" end="0" time="400" tween="cubic" easing="out" />
				</animation>
				<animation type="Hidden">
					<effect type="fade" start="100" end="0" time="200" />
					<effect type="fade" start="100" end="0" time="300" tween="sine" easing="out" />
					<effect type="slide" start="0" end="320" time="300" tween="cubic" easing="out" />
				</animation>
				<visible>Player.HasVideo + !String.IsEmpty(Control.GetLabel(4940)) + !IsEmpty(Control.GetLabel(4940)) + !Window.IsActive(notification)</visible>
			</control>
			<control type="image">
				<description>avatar</description>
				<left>25</left>
				<top>25</top>
				<width>110</width>
				<height>110</height>
				<aspectratio>stretch</aspectratio>
				<texture>dialogs/defaulticoninfo.png</texture>
				<animation type="Visible">
					<effect type="fade" end="100" time="200" />
					<effect type="fade" start="0" end="100" time="300" tween="sine" easing="out" />
					<effect type="slide" start="320" end="0" time="400" tween="cubic" easing="out" />
				</animation>
				<animation type="Hidden">
					<effect type="fade" start="100" end="0" time="200" />
					<effect type="fade" start="100" end="0" time="300" tween="sine" easing="out" />
					<effect type="slide" start="0" end="320" time="300" tween="cubic" easing="out" />
				</animation>
				<visible>Player.HasVideo + !String.IsEmpty(Control.GetLabel(4940)) + !IsEmpty(Control.GetLabel(4940)) + !Window.IsActive(notification)</visible>
			</control>
			<control type="label" id="4940">
				<description>Line 1 Label</description>
				<left>150</left>
				<top>40</top>
				<width>450</width>
				<height>18</height>
				<font>font37</font>
				<aligny>center</aligny>
				<textcolor>FFF0F0F0</textcolor>
				<shadowcolor>22000000</shadowcolor>
				<animation type="Visible">
					<effect type="fade" end="100" time="200" />
					<effect type="fade" start="0" end="100" time="300" tween="sine" easing="out" />
					<effect type="slide" start="320" end="0" time="400" tween="cubic" easing="out" />
				</animation>
				<animation type="Hidden">
					<effect type="fade" start="100" end="0" time="200" />
					<effect type="fade" start="100" end="0" time="300" tween="sine" easing="out" />
					<effect type="slide" start="0" end="320" time="300" tween="cubic" easing="out" />
				</animation>
				<visible>Player.HasVideo + !String.IsEmpty(Control.GetLabel(4940)) + !IsEmpty(Control.GetLabel(4940)) + !Window.IsActive(notification)</visible>
			</control>
			<control type="label">
				<description>Line 2 Label</description>
				<left>151</left>
				<top>68</top>
				<width>450</width>
				<height>60</height>
				<font>font27_narrow</font>
				<aligny>center</aligny>
				<label>$ADDON[script.mtvguide 30965]</label>
				<textcolor>FFF0F0F0</textcolor>
				<shadowcolor>22000000</shadowcolor>
				<animation type="Visible">
					<effect type="fade" end="100" time="200" />
					<effect type="fade" start="0" end="100" time="300" tween="sine" easing="out" />
					<effect type="slide" start="320" end="0" time="400" tween="cubic" easing="out" />
				</animation>
				<animation type="Hidden">
					<effect type="fade" start="100" end="0" time="200" />
					<effect type="fade" start="100" end="0" time="300" tween="sine" easing="out" />
					<effect type="slide" start="0" end="320" time="300" tween="cubic" easing="out" />
				</animation>
				<visible>Player.HasVideo + !String.IsEmpty(Control.GetLabel(4940)) + !IsEmpty(Control.GetLabel(4940)) + !Window.IsActive(notification)</visible>
			</control>
		</control>
		<control type="image">
			<description>Channel number input bg</description>
			<posx>1588</posx>
			<posy>25</posy>
			<width>220</width>
			<height>160</height>
			<texture flipx="false">dialogs/panel.png</texture>
			<bordertexture border="21">dialogs/shadow.png</bordertexture>
			<bordersize>20</bordersize>
			<visible>!String.IsEqual(Control.GetLabel(9999),)</visible>
		</control>
		<control type="label" id="9999">
			<description>Channel number input</description>
			<posx>1628</posx>
			<posy>25</posy>
			<width>140</width>
			<height>160</height>
			<textcolor>FFF0F0F0</textcolor>
			<shadowcolor>22000000</shadowcolor>
			<font>font_MainMenu</font>
			<align>center</align>
			<aligny>center</aligny>
		</control>
	</controls>
</window>