<?xml version="1.0" encoding="utf-8"?>
<window>
	<defaultcontrol always="false">9001</defaultcontrol>
	<zorder>0</zorder>
	<aspectratio>scale</aspectratio>
	<coordinates>
		<system>1</system><posx>0</posx><posy>-50</posy>
	</coordinates>
	<controls>

	<ondown>9002</ondown>
		<control type="image">
			<posx>50</posx>
			<posy>210</posy>
			<width>1820</width>
			<height>820</height>
			<texture colordiffuse="dialog_tint" border="40">../../skin.default/media/osd/white.png</texture>
		</control>
		<control type="image">
			<posx>460</posx>
			<posy>220</posy>
			<width>1100</width>
			<height>800</height>
			<texture border="40">../../skin.default/media/dialogs/dialogbutton-nofo.png</texture>
		</control>
		<control type="button">
			<posx>80</posx>
			<posy>221</posy>
			<width>390</width>
			<height>120</height>
			<label>$ADDON[script.mtvguide 31002]</label>
			<align>center</align>
			<aligny>center</aligny>
			<font>font25_title</font>
			<textcolor>FFF0F0F0</textcolor>
			<shadowcolor>22000000</shadowcolor>
			<focusedcolor>FFF0F0F0</focusedcolor>
			<texturefocus border="40" colordiffuse="button_focus">../../skin.default/media/dialogs/dialogbutton-fo.png</texturefocus>
			<texturenofocus border="40">../../skin.default/media/dialogs/dialogbutton-nofo.png</texturenofocus>
		</control>
		<control type="image">
			<posx>50</posx>
			<posy>140</posy>
			<width>1820</width>
			<height>70</height>
			<texture colordiffuse="FF147a96">../../skin.default/media/dialogs/dialog-bg-key.png</texture>
		</control>
		<control type="label">
			<description>Header label</description>
			<posx>90</posx>
			<posy>160</posy>
			<width>755</width>
			<height>30</height>
			<font>font32_title</font>
			<label>$ADDON[script.mtvguide 31002] - m-TVGuide [COLOR gold][B]EPG[/B][/COLOR]</label>
			<align>left</align>
			<aligny>center</aligny>
			<textcolor>FFF0F0F0</textcolor>
			<shadowcolor>22000000</shadowcolor>
		</control>
		<control type="button" id="9001">
			<posx>479</posx>
			<posy>239</posy>
			<width>1062</width>
			<height>72</height>
			<align>right</align>
			<aligny>center</aligny>
			<font>font13</font>
			<textoffsetx>40</textoffsetx>
			<textcolor>FFF0F0F0</textcolor>
			<shadowcolor>22000000</shadowcolor>
			<label></label>
			<ondown>9002</ondown>
			<onright>9099</onright>
			<texturefocus colordiffuse="button_focus">../../skin.default/media/osd/white.png</texturefocus>
			<texturenofocus></texturenofocus>
			<pulseonselect>yes</pulseonselect>
		</control>
		<control type="label" id="8001">
			<posx>522</posx>
			<posy>239</posy>
			<width>260</width>
			<height>72</height>
			<align>left</align>
			<aligny>center</aligny>
			<font>font13</font>
			<textcolor>FFF0F0F0</textcolor>
			<shadowcolor>22000000</shadowcolor>
			<label>$ADDON[script.mtvguide 31009]</label>	
		</control>
		<control type="label" id="7001">
			<posx>1505</posx>
			<posy>239</posy>
			<width>1060</width>
			<height>72</height>
			<align>right</align>
			<aligny>center</aligny>
			<font>font13</font>
			<textcolor>FF11E7B1</textcolor>
			<shadowcolor>22000000</shadowcolor>
		</control>
		<control type="button" id="9002">
			<posx>479</posx>
			<posy>306</posy>
			<width>1062</width>
			<height>72</height>
			<align>right</align>
			<aligny>center</aligny>
			<font>font13</font>
			<textoffsetx>40</textoffsetx>
			<textcolor>FFF0F0F0</textcolor>
			<shadowcolor>22000000</shadowcolor>
			<label></label>
			<onup>9001</onup>
			<ondown>9003</ondown>
			<onright>9099</onright>
			<texturefocus colordiffuse="button_focus">../../skin.default/media/osd/white.png</texturefocus>
			<texturenofocus></texturenofocus>
			<pulseonselect>yes</pulseonselect>
		</control>
		<control type="label" id="8002">
			<posx>522</posx>
			<posy>306</posy>
			<width>260</width>
			<height>72</height>
			<align>left</align>
			<aligny>center</aligny>
			<font>font13</font>
			<textcolor>FFF0F0F0</textcolor>
			<shadowcolor>22000000</shadowcolor>
			<label>$ADDON[script.mtvguide 31008]</label>
		</control>
		<control type="label" id="7002">
			<posx>1505</posx>
			<posy>306</posy>
			<width>1060</width>
			<height>72</height>
			<align>right</align>
			<aligny>center</aligny>
			<font>font13</font>
			<textcolor>FF11E7B1</textcolor>
			<shadowcolor>22000000</shadowcolor>
		</control>
		<control type="button" id="9003">
			<posx>479</posx>
			<posy>373</posy>
			<width>1062</width>
			<height>72</height>
			<align>right</align>
			<aligny>center</aligny>
			<font>font13</font>
			<textoffsetx>40</textoffsetx>
			<textcolor>FFF0F0F0</textcolor>
			<shadowcolor>22000000</shadowcolor>
			<label></label>
			<onup>9002</onup>
			<ondown>9004</ondown>
			<onright>9099</onright>
			<texturefocus colordiffuse="button_focus">../../skin.default/media/osd/white.png</texturefocus>
			<texturenofocus></texturenofocus>
			<pulseonselect>yes</pulseonselect>
		</control>
		<control type="label" id="8003">
			<posx>522</posx>
			<posy>373</posy>
			<width>260</width>
			<height>72</height>
			<align>left</align>
			<aligny>center</aligny>
			<font>font13</font>
			<textcolor>FFF0F0F0</textcolor>
			<shadowcolor>22000000</shadowcolor>
			<label>$ADDON[script.mtvguide 31007]</label>
		</control>
		<control type="label" id="7003">
			<posx>1505</posx>
			<posy>373</posy>
			<width>1060</width>
			<height>72</height>
			<align>right</align>
			<aligny>center</aligny>
			<font>font13</font>
			<textcolor>FF11E7B1</textcolor>
			<shadowcolor>22000000</shadowcolor>
		</control>
		<control type="button" id="9004">
			<posx>479</posx>
			<posy>440</posy>
			<width>1062</width>
			<height>72</height>
			<align>right</align>
			<aligny>center</aligny>
			<font>font13</font>
			<textoffsetx>40</textoffsetx>
			<textcolor>FFF0F0F0</textcolor>
			<shadowcolor>22000000</shadowcolor>
			<label></label>
			<onup>9003</onup>
			<ondown>9009</ondown>
			<onright>9099</onright>
			<texturefocus colordiffuse="button_focus">../../skin.default/media/osd/white.png</texturefocus>
			<texturenofocus></texturenofocus>
			<pulseonselect>yes</pulseonselect>
		</control>
		<control type="label" id="8004">
			<posx>522</posx>
			<posy>440</posy>
			<width>260</width>
			<height>72</height>
			<align>left</align>
			<aligny>center</aligny>
			<font>font13</font>
			<textcolor>FFF0F0F0</textcolor>
			<shadowcolor>22000000</shadowcolor>
			<label>$ADDON[script.mtvguide 31006]</label>
		</control>
		<control type="label" id="7004">
			<posx>1505</posx>
			<posy>440</posy>
			<width>1060</width>
			<height>72</height>
			<align>right</align>
			<aligny>center</aligny>
			<font>font13</font>
			<textcolor>FF11E7B1</textcolor>
			<shadowcolor>22000000</shadowcolor>
		</control>		
		<control type="button" id="9009">
			<posx>479</posx>
			<posy>507</posy>
			<width>1062</width>
			<height>72</height>
			<align>right</align>
			<aligny>center</aligny>
			<font>font13</font>
			<textoffsetx>40</textoffsetx>
			<textcolor>FFF0F0F0</textcolor>
			<shadowcolor>22000000</shadowcolor>
			<label></label>
			<onup>9004</onup>
			<ondown>9010</ondown>
			<onright>9099</onright>
			<texturefocus colordiffuse="button_focus">../../skin.default/media/osd/white.png</texturefocus>
			<texturenofocus></texturenofocus>
			<pulseonselect>yes</pulseonselect>
		</control>
		<control type="label" id="8009">
			<posx>522</posx>
			<posy>507</posy>
			<width>260</width>
			<height>72</height>
			<align>left</align>
			<aligny>center</aligny>
			<font>font13</font>
			<textcolor>FFF0F0F0</textcolor>
			<shadowcolor>22000000</shadowcolor>
			<label>$ADDON[script.mtvguide 31015]</label>
		</control>
		<control type="label" id="7009">
			<posx>1505</posx>
			<posy>507</posy>
			<width>1060</width>
			<height>72</height>
			<align>right</align>
			<aligny>center</aligny>
			<font>font13</font>
			<textcolor>FF11E7B1</textcolor>
			<shadowcolor>22000000</shadowcolor>
		</control>
		<control type="button" id="9010">
			<posx>479</posx>
			<posy>574</posy>
			<width>1062</width>
			<height>72</height>
			<align>right</align>
			<aligny>center</aligny>
			<font>font13</font>
			<textoffsetx>40</textoffsetx>
			<textcolor>FFF0F0F0</textcolor>
			<shadowcolor>22000000</shadowcolor>
			<label></label>
			<onup>9009</onup>
			<ondown>9005</ondown>
			<onright>9099</onright>
			<texturefocus colordiffuse="button_focus">../../skin.default/media/osd/white.png</texturefocus>
			<texturenofocus></texturenofocus>
			<pulseonselect>yes</pulseonselect>
		</control>
		<control type="label" id="8010">
			<posx>522</posx>
			<posy>574</posy>
			<width>260</width>
			<height>72</height>
			<align>left</align>
			<aligny>center</aligny>
			<font>font13</font>
			<textcolor>FFF0F0F0</textcolor>
			<shadowcolor>22000000</shadowcolor>
			<label>$ADDON[script.mtvguide 31016]</label>
		</control>
		<control type="label" id="7010">
			<posx>1505</posx>
			<posy>574</posy>
			<width>1060</width>
			<height>72</height>
			<align>right</align>
			<aligny>center</aligny>
			<font>font13</font>
			<textcolor>FF11E7B1</textcolor>
			<shadowcolor>22000000</shadowcolor>
		</control>
		<control type="button" id="9005">
			<posx>479</posx>
			<posy>641</posy>
			<width>1062</width>
			<height>72</height>
			<align>right</align>
			<aligny>center</aligny>
			<font>font13</font>
			<textoffsetx>40</textoffsetx>
			<textcolor>FFF0F0F0</textcolor>
			<shadowcolor>22000000</shadowcolor>
			<label></label>
			<onup>9010</onup>
			<ondown>9006</ondown>
			<onright>9099</onright>
			<texturefocus colordiffuse="button_focus">../../skin.default/media/osd/white.png</texturefocus>
			<texturenofocus></texturenofocus>
			<pulseonselect>yes</pulseonselect>
		</control>
		<control type="label" id="8005">
			<posx>522</posx>
			<posy>641</posy>
			<width>260</width>
			<height>72</height>
			<align>left</align>
			<aligny>center</aligny>
			<font>font13</font>
			<textcolor>FFF0F0F0</textcolor>
			<shadowcolor>22000000</shadowcolor>
			<label>$ADDON[script.mtvguide 31005]</label>
		</control>
		<control type="label" id="7005">
			<posx>1505</posx>
			<posy>641</posy>
			<width>1060</width>
			<height>72</height>
			<align>right</align>
			<aligny>center</aligny>
			<font>font13</font>
			<textcolor>FF11E7B1</textcolor>
			<shadowcolor>22000000</shadowcolor>
		</control>
		<control type="button" id="9006">
			<posx>479</posx>
			<posy>708</posy>
			<width>1062</width>
			<height>72</height>
			<align>right</align>
			<aligny>center</aligny>
			<font>font13</font>
			<textoffsetx>40</textoffsetx>
			<textcolor>FFF0F0F0</textcolor>
			<shadowcolor>22000000</shadowcolor>
			<label></label>
			<onup>9005</onup>
			<ondown>9007</ondown>
			<onright>9099</onright>
			<texturefocus colordiffuse="button_focus">../../skin.default/media/osd/white.png</texturefocus>
			<texturenofocus></texturenofocus>
			<pulseonselect>yes</pulseonselect>
		</control>
		<control type="label" id="8006">
			<posx>522</posx>
			<posy>708</posy>
			<width>260</width>
			<height>72</height>
			<align>left</align>
			<aligny>center</aligny>
			<font>font13</font>
			<textcolor>FFF0F0F0</textcolor>
			<shadowcolor>22000000</shadowcolor>
			<label>$ADDON[script.mtvguide 31010]</label>
		</control>
		<control type="label" id="8016">
			<posx>630</posx>
			<posy>708</posy>
			<width>360</width>
			<height>72</height>
			<align>left</align>
			<aligny>center</aligny>
			<font>font13</font>
			<label>/$ADDON[script.mtvguide 31014]</label>
			<textcolor>40FFFFFF</textcolor>
			<shadowcolor>22000000</shadowcolor>
		</control>
		<control type="label" id="7006">
			<posx>1505</posx>
			<posy>708</posy>
			<width>1060</width>
			<height>72</height>
			<align>right</align>
			<aligny>center</aligny>
			<font>font13</font>
			<textcolor>FF11E7B1</textcolor>
			<shadowcolor>22000000</shadowcolor>
		</control>
		<control type="button" id="9007">
			<posx>479</posx>
			<posy>775</posy>
			<width>1062</width>
			<height>72</height>
			<align>right</align>
			<aligny>center</aligny>
			<font>font13</font>
			<textoffsetx>40</textoffsetx>
			<textcolor>FFF0F0F0</textcolor>
			<shadowcolor>22000000</shadowcolor>
			<label></label>
			<onup>9006</onup>
			<ondown>9020</ondown>
			<onright>9099</onright>
			<texturefocus colordiffuse="button_focus">../../skin.default/media/osd/white.png</texturefocus>
			<texturenofocus></texturenofocus>
			<pulseonselect>yes</pulseonselect>
		</control>
		<control type="label" id="8007">
			<posx>522</posx>
			<posy>775</posy>
			<width>260</width>
			<height>72</height>
			<align>left</align>
			<aligny>center</aligny>
			<font>font13</font>
			<textcolor>FFF0F0F0</textcolor>
			<shadowcolor>22000000</shadowcolor>
			<label>$ADDON[script.mtvguide 31011]</label>
		</control>
		<control type="label" id="7007">
			<posx>1505</posx>
			<posy>775</posy>
			<width>1060</width>
			<height>72</height>
			<align>right</align>
			<aligny>center</aligny>
			<font>font13</font>
			<textcolor>FF11E7B1</textcolor>
			<shadowcolor>22000000</shadowcolor>
		</control>
		<control type="button" id="9020">
			<posx>479</posx>
			<posy>842</posy>
			<width>1062</width>
			<height>72</height>
			<align>right</align>
			<aligny>center</aligny>
			<font>font13</font>
			<textoffsetx>40</textoffsetx>
			<textcolor>FFF0F0F0</textcolor>
			<shadowcolor>22000000</shadowcolor>
			<label></label>
			<onup>9007</onup>
			<ondown>9021</ondown>
			<onright>9099</onright>
			<texturefocus colordiffuse="button_focus">../../skin.default/media/osd/white.png</texturefocus>
			<texturenofocus></texturenofocus>
			<pulseonselect>yes</pulseonselect>
		</control>
		<control type="label" id="8020">
			<posx>522</posx>
			<posy>842</posy>
			<width>560</width>
			<height>72</height>
			<align>left</align>
			<aligny>center</aligny>
			<font>font13</font>
			<textcolor>FFF0F0F0</textcolor>
			<shadowcolor>22000000</shadowcolor>
			<label>$ADDON[script.mtvguide 31017]</label>
		</control>
		<control type="label" id="7020">
			<posx>1505</posx>
			<posy>842</posy>
			<width>1060</width>
			<height>72</height>
			<align>right</align>
			<aligny>center</aligny>
			<font>font13</font>
			<textcolor>FF11E7B1</textcolor>
			<shadowcolor>22000000</shadowcolor>
		</control>
		<control type="button" id="9021">
			<posx>479</posx>
			<posy>909</posy>
			<width>1062</width>
			<height>72</height>
			<align>right</align>
			<aligny>center</aligny>
			<font>font13</font>
			<textoffsetx>40</textoffsetx>
			<textcolor>FFF0F0F0</textcolor>
			<shadowcolor>22000000</shadowcolor>
			<label></label>
			<onup>9020</onup>
			<onright>9099</onright>
			<texturefocus colordiffuse="button_focus">../../skin.default/media/osd/white.png</texturefocus>
			<texturenofocus></texturenofocus>
			<pulseonselect>yes</pulseonselect>
		</control>
		<control type="label" id="8021">
			<posx>522</posx>
			<posy>909</posy>
			<width>560</width>
			<height>72</height>
			<align>left</align>
			<aligny>center</aligny>
			<font>font13</font>
			<textcolor>FFF0F0F0</textcolor>
			<shadowcolor>22000000</shadowcolor>
			<label>$ADDON[script.mtvguide 31018]</label>
		</control>
		<control type="label" id="7021">
			<posx>1505</posx>
			<posy>909</posy>
			<width>1060</width>
			<height>72</height>
			<align>right</align>
			<aligny>center</aligny>
			<font>font13</font>
			<textcolor>FF11E7B1</textcolor>
		</control>
		<control type="button" id="9008">
			<description>Reset</description>
			<posx>1560</posx>
			<posy>322</posy>
			<width>300</width>
			<height>100</height>
			<label>$ADDON[script.mtvguide 31013]</label>
			<font>font25_title</font>
			<textoffsetx>30</textoffsetx>
			<onclick></onclick>
			<wrapmultiline>false</wrapmultiline>
			<align>center</align>
			<texturefocus border="40" colordiffuse="button_focus">../../skin.default/media/dialogs/dialogbutton-fo.png</texturefocus>
			<texturenofocus border="40">../../skin.default/media/dialogs/dialogbutton-nofo.png</texturenofocus>
			<textcolor>FFF0F0F0</textcolor>
			<focusedcolor>FFF0F0F0</focusedcolor>
			<disabledcolor>40FFFFFF</disabledcolor>
			<onup>9099</onup>
			<ondown>9099</ondown>
			<onleft>9001</onleft>
			<visible>true</visible>
		</control>
		<control type="button" id="9099">
			<description>Save</description>
			<posx>1560</posx>
			<posy>232</posy>
			<width>300</width>
			<height>100</height>
			<label>[UPPERCASE]$ADDON[script.mtvguide 31004][/UPPERCASE]</label>
			<font>font25_title</font>
			<textoffsetx>30</textoffsetx>
			<onclick></onclick>
			<wrapmultiline>false</wrapmultiline>
			<align>center</align>
			<texturefocus border="40" colordiffuse="button_focus">../../skin.default/media/dialogs/dialogbutton-fo.png</texturefocus>
			<texturenofocus border="40">../../skin.default/media/dialogs/dialogbutton-nofo.png</texturenofocus>
			<textcolor>FFF0F0F0</textcolor>
			<focusedcolor>FFF0F0F0</focusedcolor>
			<disabledcolor>40FFFFFF</disabledcolor>
			<onup>9008</onup>
			<ondown>9008</ondown>
			<onleft>9001</onleft>
			<visible>true</visible>
		</control>
		<control type="button" id="9099">
			<description>Close Window button</description>
			<posx>1802</posx>
			<posy>151</posy>
			<width>48</width>
			<height>48</height>
			<texturefocus colordiffuse="EEFFFFFF">../../skin.default/media/dialogs/close.png</texturefocus>
			<texturenofocus colordiffuse="EEFFFFFF">../../skin.default/media/dialogs/mk_logo.png</texturenofocus>
			<onup>9008</onup>
			<ondown>9001</ondown>
			<texturefocus border="40" colordiffuse="button_focus">../../skin.default/media/dialogs/dialogbutton-fo.png</texturefocus>
			<texturenofocus border="40">../../skin.default/media/dialogs/dialogbutton-nofo.png</texturenofocus>
		</control>
	</controls>
</window>