<?xml version="1.0" encoding="UTF-8"?>
<map id="base swedish" version="1.0" strm="">	
	<channel id="AFTONBLADET TV SE" title="(?=AFTONBLADET(\s*TV)?(\s*(HD|UHD))?\s*SE$)" strm=""/>
	<channel id="AL JAZEERA SE" title="(?=AL\s*JAZEERA(\s*ENGLISH)?(\s*NEWS)?(\s*INT(\.)?(ERNATIONAL)?)(\s*(HD|UHD))?\s*SE$)" strm=""/>
	<channel id="ANIMAL PLANET HD SE" title="(?=ANIMAL\s*PLANET(\s*(HD|UHD))\s*SE$)" strm=""/>
	<channel id="ANIMAL PLANET SE" title="(?=ANIMAL\s*PLANET\s*SE$)" strm=""/>
	<channel id="ATG LIVE SE" title="(?=ATG\s*LIVE(\s*(HD|UHD))?\s*SE$)" strm=""/>
	<channel id="AXESS TV SE" title="(?=AXESS(\s*TV)?(\s*(HD|UHD))?\s*SE$)" strm=""/>
	<channel id="BARNMUSIK TV SE" title="(?=BARN(\s*(PROGRAM|MUSIK))(\s*TV)?(\s*(HD|UHD))?\s*SE$)" strm=""/>
	<channel id="BBC BRIT SE" title="(?=BBC\s*BRIT(\s*(HD|UHD))?\s*SE$)" strm=""/>
	<channel id="BBC EARTH SE" title="(?=BBC\s*EARTH(\s*(HD|UHD))?\s*SE$)" strm=""/>
	<channel id="BBC WORLD NEWS SE" title="(?=BBC\s*WORLD(\s*NEWS)?(\s*(HD|UHD))?\s*SE$)" strm=""/>
	<channel id="BLOOMBERG TV SE" title="(?=BLOOMBERG(\s*TV)?(\s*(HD|UHD))?\s*SE$)" strm=""/>
	<channel id="BOOMERANG SE" title="(?=BOOMERANG(\s*TV)?(\s*(HD|UHD))?\s*SE$)" strm=""/>
	<channel id="C MORE FIRST HD SE" title="(?=C\s*MORE\s*FIRST(\s*(HD|UHD))\s*SE$)" strm=""/>
	<channel id="C MORE FIRST SE" title="(?=C\s*MORE\s*FIRST\s*SE$)" strm=""/>
	<channel id="C MORE FOTBOLL HD SE" title="(?=C\s*MORE(\s*(FOTBOLL|FOOTBALL))(\s*(HD|UHD))\s*SE$)" strm=""/>
	<channel id="C MORE FOTBOLL SE" title="(?=C\s*MORE(\s*(FOTBOLL|FOOTBALL))\s*SE$)" strm=""/>
	<channel id="C MORE GOLF HD SE" title="(?=C\s*MORE\s*GOLF(\s*(HD|UHD))?\s*SE$)" strm=""/>
	<channel id="C MORE HITS HD SE" title="(?=C\s*MORE\s*HITS(\s*(HD|UHD))\s*SE$)" strm=""/>
	<channel id="C MORE HITS SE" title="(?=C\s*MORE\s*HITS\s*SE$)" strm=""/>
	<channel id="C MORE HOCKEY HD SE" title="(?=C\s*MORE\s*HOCKEY(\s*(HD|UHD))\s*SE$)" strm=""/>
	<channel id="C MORE HOCKEY SE" title="(?=C\s*MORE\s*HOCKEY\s*SE$)" strm=""/>
	<channel id="C MORE LIVE 2 HD SE" title="(?=C\s*MORE\s*LIVE\s*2(\s*(HD|UHD))\s*SE$)" strm=""/>
	<channel id="C MORE LIVE 2 SE" title="(?=C\s*MORE\s*LIVE\s*2\s*SE$)" strm=""/>
	<channel id="C MORE LIVE 3 HD SE" title="(?=C\s*MORE\s*LIVE\s*3(\s*(HD|UHD))\s*SE$)" strm=""/>
	<channel id="C MORE LIVE 3 SE" title="(?=C\s*MORE\s*LIVE\s*3\s*SE$)" strm=""/>
	<channel id="C MORE LIVE 4 HD SE" title="(?=C\s*MORE\s*LIVE\s*4(\s*(HD|UHD))\s*SE$)" strm=""/>
	<channel id="C MORE LIVE 4 SE" title="(?=C\s*MORE\s*LIVE\s*4\s*SE$)" strm=""/>
	<channel id="C MORE LIVE 5 HD SE" title="(?=C\s*MORE\s*LIVE\s*5(\s*(HD|UHD))\s*SE$)" strm=""/>
	<channel id="C MORE LIVE HD SE" title="(?=C\s*MORE\s*LIVE(\s*1)?(\s*(HD|UHD))\s*SE$)" strm=""/>
	<channel id="C MORE LIVE SE" title="(?=C\s*MORE\s*LIVE(\s*1)?\s*SE$)" strm=""/>
	<channel id="C MORE SERIES HD SE" title="(?=C\s*MORE\s*SERIES(\s*(HD|UHD))\s*SE$)" strm=""/>
	<channel id="C MORE SERIES SE" title="(?=C\s*MORE\s*SERIES\s*SE$)" strm=""/>
	<channel id="C MORE SPORT SE" title="(?=C\s*MORE\s*SPORT(\s*(HD|UHD))?\s*SE$)" strm=""/>
	<channel id="C MORE STARS HD SE" title="(?=C\s*MORE\s*STARS(\s*(HD|UHD))\s*SE$)" strm=""/>
	<channel id="C MORE STARS SE" title="(?=C\s*MORE\s*STARS\s*SE$)" strm=""/>
	<channel id="CARTOON NETWORK SE" title="(?=CARTOON\s*NETWORK(\s*TV)?(\s*(HD|UHD))?\s*SE$)" strm=""/>
	<channel id="CBS REALITY SE" title="(?=CBS\s*REALITY(\s*(HD|UHD))?\s*SE$)" strm=""/>
	<channel id="CNBC SE" title="(?=CNBC(\s*(HD|UHD))?\s*SE$)" strm=""/>
	<channel id="CNN SE" title="(?=CNN(\s*INT((\.)?|ERNATIONAL))?(\s*(HD|UHD))?\s*SE$)" strm=""/>
	<channel id="CURIOSITY CHANNEL SE" title="(?=CURIOSITY(\s*CHANNEL)?(\s*STREAM)?(\s*TV)?(\s*(HD|UHD))?\s*SE$)" strm=""/>
	<channel id="DI TV SE" title="(?=(DI|DAGENS\s*INDUSTRI)(\s*TV)?(\s*(HD|UHD))?\s*SE$)" strm=""/>
	<channel id="DISCOVERY CHANNEL HD SE" title="(?=(DISCOVERY|DISC)(.)?(\s*CHANNEL)?(\s*(HD|UHD))\s*SE$)" strm=""/>
	<channel id="DISCOVERY CHANNEL SE" title="(?=(DISCOVERY|DISC)(.)?(\s*CHANNEL)?\s*SE$)" strm=""/>
	<channel id="DISCOVERY SCIENCE SE" title="(?=(DISCOVERY|DISC)(.)?\s*SCIENCE(\s*(HD|UHD))?\s*SE$)" strm=""/>
	<channel id="DISNEY CHANNEL SE" title="(?=DISNEY\s*CHANNEL(\s*(HD|UHD))?\s*SE$)" strm=""/>
	<channel id="DISNEY JUNIOR SE" title="(?=DISNEY(\s*(JUNIOR|JR(\.)?))(\s*(HD|UHD))?\s*SE$)" strm=""/>
	<channel id="DMAX SE" title="(?=D\s*MAX(\s*(HD|UHD))?\s*SE$)" strm=""/>
	<channel id="DR1 SE" title="(?=DR\s*1(\s*(HD|UHD))?\s*DK$)" strm=""/>
	<channel id="DR2 SE" title="(?=DR\s*2(\s*(HD|UHD))?\s*DK$)" strm=""/>
	<channel id="E! SE" title="(?=(E(!)?\s*|ENTERTAINMENT)(ENTERTAINMENT)?(\s*TV)?(\s*HD)?\s*SE$)" strm=""/>
	<channel id="ESPORTS TV SE" title="(?=ESPORT(S)?(\s*TV)?(\s*(HD|UHD))?\s*SE$)" strm=""/>
	<channel id="EURONEWS SE" title="(?=EURONEWS(\s*(HD|UHD))?\s*SE$)" strm=""/>
	<channel id="EUROSPORT 1 HD SE"	title="(?=EURO\s*SPORT(\s*1)?(\s*(HD|UHD))\s*SE$)" strm=""/>
	<channel id="EUROSPORT 1 SE" title="(?=EURO\s*SPORT(\s*1)?\s*SE$)" strm=""/>
	<channel id="EUROSPORT 2 HD SE"	title="(?=EURO\s*SPORT\s*2(\s*(HD|UHD))\s*SE$)" strm=""/>
	<channel id="EUROSPORT 2 SE" title="(?=EURO\s*SPORT\s*2\s*SE$)" strm=""/>
	<channel id="EXPRESSEN TV SE" title="(?=EXPRESSEN(\s*TV)?(\s*(HD|UHD))?\s*SE$)" strm=""/>
	<channel id="EXTREME SPORTS SE" title="(?=EXTREME\s*SPORT(S)?(\s*(HD|UHD))?\s*SE$)" strm=""/>
	<channel id="FIGHT SPORTS SE" title="(?=FIGHT\s*SPORT(S)?(\s*(HD|UHD))?\s*SE$)" strm=""/>
	<channel id="FTV SE" title="(?=(FASHION|FTV)(\s*TV)?(\s*(HD|UHD))?\s*SE$)" strm=""/>
	<channel id="FUEL TV SE" title="(?=FUEL(\s*TV)?(\s*(HD|UHD))?\s*SE$)" strm=""/>
	<channel id="GINX ESPORTS SE" title="(?=GINX(\s*ESPORT(S)?)?(\s*TV)(\s*(HD|UHD))?\s*SE$)" strm=""/>
	<channel id="GODARE SE" title="(?=GODARE(\s*TV)?(\s*(HD|UHD))?\s*SE$)" strm=""/>
	<channel id="H2 SE" title="(?=(H|HISTORY)(\s*CHANNEL)?\s*2(\s*(HD|UHD))?\s*SE$)" strm=""/>
	<channel id="HISTORY SE" title="(?=HISTORY(\s*CHANNEL)?(\s*(HD|UHD))?\s*SE$)" strm=""/>
	<channel id="HORSE &amp; COUNTRY TV SE" title="(?=HORSE(\s*&amp;)?\s*COUNTRY(\s*TV)?(\s*(HD|UHD))?\s*SE$)" strm=""/>
	<channel id="HRT1 SE" title="(?=HRT(\s*1)?(\s*(HD|UHD))?\s*SE$)" strm=""/>
	<channel id="ID SE" title="(?=(DISCOVERY\s*)?(INVESTIGATION|ID)(\s*DISCOVERY)?(\s*TV)?(\s*(HD|UHD))?\s*SE$)" strm=""/>
	<channel id="KANAL 10 SE" title="(?=KANAL\s*10(\s*NORGE)?(\s*(HD|UHD))?\s*SE$)" strm=""/>
	<channel id="KANAL 11 HD SE" title="(?=KANAL\s*11(\s*(HD|UHD))\s*SE$)" strm=""/>
	<channel id="KANAL 11 SE" title="(?=KANAL\s*11\s*SE$)" strm=""/>
	<channel id="KANAL 5 HD SE" title="(?=KANAL\s*5(\s*(HD|UHD))\s*SE$)" strm=""/>
	<channel id="KANAL 5 SE" title="(?=KANAL\s*5\s*SE$)" strm=""/>
	<channel id="KANAL 9 HD SE" title="(?=KANAL\s*9(\s*(HD|UHD))\s*SE$)" strm=""/>
	<channel id="KANAL 9 SE" title="(?=KANAL\s*9\s*SE$)" strm=""/>
	<channel id="KUNSKAPSKANALEN HD SE" title="(?=(SVT\s*)?KUNSKAPSKANALEN(\s*(HD|UHD))\s*SE$)" strm=""/>
	<channel id="KUNSKAPSKANALEN SE" title="(?=(SVT\s*)?KUNSKAPSKANALEN\s*SE$)" strm=""/>
	<channel id="MEZZO LIVE HD SE" title="(?=MEZZO\s*LIVE(\s*(HD|UHD))?\s*SE$)" strm=""/>
	<channel id="MEZZO SE" title="(?=MEZZO(\s*(HD|UHD))?\s*SE$)" strm=""/>
	<channel id="MOTORSPORT TV SE" title="(?=MOTOR\s*SPORT(\s*TV)?\s*SE$)" strm=""/>
	<channel id="MTV 00s SE" title="(?=(VH(\s*|\-)?1|MTV\s*00(\W)?(s)?)(\s*TV)?(\s*(HD|UHD))?\s*SE$)" strm=""/>
	<channel id="MTV 80S SE" title="(?=MTV\s*80(\W)?(S)?(\s*(HD|UHD))?\s*SE$)" strm=""/>
	<channel id="MTV 90S SE" title="(?=MTV\s*90(\W)?(S)?(\s*(HD|UHD))?\s*SE$)" strm=""/>
	<channel id="MTV HD SE" title="(?=MTV(\s*(HD|UHD))\s*SE$)" strm=""/>
	<channel id="MTV LIVE HD SE" title="(?=MTV\s*LIVE(\s*(HD|UHD))?\s*SE$)" strm=""/>
	<channel id="MTV ROCKS SE" title="(?=MTV\s*ROCKS(\s*(HD|UHD))?\s*SE$)" strm=""/>
	<channel id="MTV SE" title="(?=MTV\s*SE$)" strm=""/>
	<channel id="NAT GEO WILD HD SE" title="(?=(NAT|NATIONAL)\s*(GEO|GEOGRAPHIC|GEOGRAPHIIC)\s*WILD(\s*(HD|UHD))\s*SE$)" strm=""/>
	<channel id="NAT GEO WILD SE" title="(?=(NAT|NATIONAL)\s*(GEO|GEOGRAPHIC|GEOGRAPHIIC)\s*WILD\s*SE$)" strm=""/>
	<channel id="NATIONAL GEOGRAPHIC HD SE" title="(?=(NAT|NATIONAL)\s*(GEO|GEOGRAPHIC|GEOGRAPHIIC)(\s*(HD|UHD))?\s*SE$)" strm=""/>
	<channel id="NATIONAL GEOGRAPHIC SE" title="(?=(NAT|NATIONAL)\s*(GEO|GEOGRAPHIC|GEOGRAPHIIC)\s*SE$)" strm=""/>
	<channel id="NAUTICAL CHANNEL SE" title="(?=NAUTICAL(\s*CHANNEL)?(\s*(HD|UHD))?\s*SE$)" strm=""/>
	<channel id="NFL NETWORK HD SE" title="(?=NFL(\s*NETWORK)?(\s*(HD|UHD))?\s*SE$)" strm=""/>
	<channel id="NICK JR. HD SE" title="(?=NICK(\s*JR.|JR)(\s*(HD|UHD))\s*SE$)" strm=""/>
	<channel id="NICK JR. SE" title="(?=NICK(\s*JR.|JR)\s*SE$)" strm=""/>
	<channel id="NICKELODEON HD SE" title="(?=NICKELODEON(\s*(HD|UHD))\s*SE$)" strm=""/>
	<channel id="NICKELODEON SE" title="(?=NICKELODEON\s*SE$)" strm=""/>
	<channel id="NICKTOONS SE" title="(?=NICK\s*TOON(S)?(\s*(HD|UHD))?\s*SE$)" strm=""/>
	<channel id="NRK SUPER/NRK3 HD SE" title="(?=NRK\s*SUPER(\s*(/\s*)?)?(NRK\s*3)?(\s*(HD|UHD))?\s*NO$)" strm=""/>
	<channel id="NRK1 SE" title="(?=NRK(\s*1)?(\s*(HD|UHD))?\s*NO$)" strm=""/>
	<channel id="NRK2 SE" title="(?=NRK\s*2(\s*(HD|UHD))?\s*NO$)" strm=""/>
	<channel id="OUTDOOR CHANNEL HD SE" title="(?=OUTDOOR(\s*CHANNEL)?(\s*(HD|UHD))?\s*SE$)" strm=""/>
	<channel id="OUTTV SE" title="(?=OUT(\s*TV)?(\s*(HD|UHD))?\s*SE$)" strm=""/>
	<channel id="PARAMOUNT NETWORK HD SE" title="(?=PARAMOUNT(\s*NETWORK)?(\s*CHANNEL)?(\s*(HD|UHD))\s*SE$)" strm=""/>
	<channel id="PARAMOUNT NETWORK SE" title="(?=PARAMOUNT(\s*NETWORK)?(\s*CHANNEL)?\s*SE$)" strm=""/>
	<channel id="PINK PLUS SE" title="(?=PINK(\s*PLUS)(\s*(HD|UHD))?\s*EX(\s*|-)YU$)" strm=""/>
	<channel id="SF-KANALEN SE" title="(?=SF(\s*|\-)?KANALEN(\s*(HD|UHD))?\s*SE$)" strm=""/>
	<channel id="SJUAN HD SE" title="(?=SJUAN(\s*(HD|UHD))\s*SE$)" strm=""/>
	<channel id="SJUAN SE" title="(?=SJUAN\s*SE$)" strm=""/>
	<channel id="SKY NEWS SE" title="(?=SKY\s*NEWS(\s*(HD|UHD))?\s*SE$)" strm=""/>
	<channel id="SPORTKANALEN SE" title="(?=SPORT\s*KANALEN(\s*(HD|UHD))?\s*SE$)" strm=""/>
	<channel id="SVT BARN HD SE" title="(?=SVT\s*BARN(KANALE(N|R))?(\s*\/)?(\s*SVT\s*24)?(\s*(HD|UHD))\s*SE$)" strm=""/>
	<channel id="SVT BARN SE" title="(?=SVT\s*BARN(KANALE(N|R))?(\s*\/)?(\s*SVT\s*24)?\s*SE$)" strm=""/>
	<channel id="SVT1 HD SE" title="(?=SVT(\s*1)?(\s*(HD|UHD))\s*SE$)" strm=""/>
	<channel id="SVT1 SE" title="(?=SVT(\s*1)?\s*SE$)" strm=""/>
	<channel id="SVT2 HD SE" title="(?=SVT\s*2(\s*(HD|UHD))\s*SE$)" strm=""/>
	<channel id="SVT2 SE" title="(?=SVT\s*2\s*SE$)" strm=""/>
	<channel id="SVT24 HD SE" title="(?=SVT\s*24(\s*(B|BARN))?(\s*(HD|UHD))\s*SE$)" strm=""/>
	<channel id="SVT24 SE" title="(?=SVT\s*24(\s*(B|BARN))?\s*SE$)" strm=""/>
	<channel id="TLC HD SE" title="(?=TLC(\s*(HD|UHD))\s*SE$)" strm=""/>
	<channel id="TLC SE" title="(?=TLC\s*SE$)" strm=""/>
	<channel id="TNT SE" title="(?=TNT(\s*(HD|UHD))?\s*SE$)" strm=""/>
	<channel id="TRACE URBAN SE" title="(?=TRACE\s*URBAN(\s*(HD|UHD))?\s*SE$)" strm=""/>
	<channel id="TRAVEL CHANNEL HD SE" title="(?=TRAVEL\s*CHANNEL(\s*TV)?(\s*(HD|UHD))?\s*SE$)" strm=""/>
	<channel id="TRAVEL CHANNEL SE" title="(?=TRAVEL\s*CHANNEL(\s*TV)?(\s*(HD|UHD))?\s*SE$)" strm=""/>
	<channel id="TV CHILE SE" title="(?=TV CHILE(\s*(HD|UHD))?\s*CL$)" strm=""/>
	<channel id="TV FINLAND SE" title="(?=(TV\s*)?FINLAND(\s*(HD|UHD))?\s*FI$)" strm=""/>
	<channel id="TV MALMÖ SE" title="(?=TV\s*MALM(O)?(\s*(HD|UHD))?\s*SE$)" strm=""/>
	<channel id="TV POLONIA SE" title="(?=TVP\s*POLONIA(\s*(HD|UHD))?\s*PL$)" strm=""/>
	<channel id="TV10 HD SE" title="(?=TV\s*10(\s*(HD|UHD))\s*SE$)" strm=""/>
	<channel id="TV10 SE" title="(?=TV\s*10\s*SE$)" strm=""/>
	<channel id="TV12 HD SE" title="(?=TV\s*12(\s*(HD|UHD))\s*SE$)" strm=""/>
	<channel id="TV12 SE" title="(?=TV\s*12\s*SE$)" strm=""/>
	<channel id="TV2 DANMARK SE" title="(?=TV\s*2\s*DANMARK(\s*(HD|UHD))?\s*DK$)" strm=""/>
	<channel id="TV2 NORGE SE" title="(?=TV\s*2\s*NORGE(\s*(HD|UHD))?\s*NO$)" strm=""/>
	<channel id="TV3 HD SE" title="(?=TV\s*3(\s*(HD|UHD))\s*SE$)" strm=""/>
	<channel id="TV3 SE" title="(?=TV\s*3\s*SE$)" strm=""/>
	<channel id="TV4 FAKTA SE" title="(?=TV\s*4\s*FAKTA(\s*(HD|UHD))?\s*SE$)" strm=""/>
	<channel id="TV4 FILM SE" title="(?=TV\s*4\s*FILM(\s*(HD|UHD))?\s*SE$)" strm=""/>
	<channel id="TV4 GULD SE" title="(?=TV\s*4\s*GULD(\s*(HD|UHD))?\s*SE$)" strm=""/>
	<channel id="TV4 HD SE" title="(?=TV\s*4(\s*(HD|UHD))\s*SE$)" strm=""/>
	<channel id="TV4 SE" title="(?=TV\s*4\s*SE$)" strm=""/>
	<channel id="TV5 MONDE SE" title="(?=TV\s*5\s*MONDE(\s*INT(\.)?(ERNATIONAL)?)(\s*(HD|UHD))?\s*FR$)" strm=""/>
	<channel id="TV6 HD SE" title="(?=TV\s*6(\s*(HD|UHD))\s*SE$)" strm=""/>
	<channel id="TV6 SE" title="(?=TV\s*6\s*SE$)" strm=""/>
	<channel id="TV8 HD SE" title="(?=TV\s*8(\s*(HD|UHD))\s*SE$)" strm=""/>
	<channel id="TV8 SE" title="(?=TV\s*8\s*SE$)" strm=""/>
	<channel id="V FILM ACTION HD SE" title="(?=(V|VIASAT)\s*FILM\s*ACTION(\s*(HD|UHD))?\s*SE$)" strm=""/>
	<channel id="V FILM FAMILY HD SE" title="(?=(V|VIASAT)\s*FILM\s*FAMILY(\s*(HD|UHD))?\s*SE$)" strm=""/>
	<channel id="V FILM HITS HD SE" title="(?=(V|VIASAT)\s*FILM\s*HITS(\s*(HD|UHD))?\s*SE$)" strm=""/>
	<channel id="V FILM PREMIERE HD SE" title="(?=(V|VIASAT)\s*FILM\s*PREMIERE(\s*(HD|UHD))?\s*SE$)" strm=""/>
	<channel id="V SERIES HD SE" title="(?=(V|VIASAT)\s*SERIES(\s*(HD|UHD))?\s*SE$)" strm=""/>
	<channel id="V SPORT 1 SE" title="(?=(V|VIASAT)\s*SPORT(\s*1)?(\s*(HD|UHD))?(\s*SPORTS)?\s*SE$)" strm=""/>
	<channel id="V SPORT EXTRA HD SE" title="(?=((V|VIASAT)\s*SPORT(\s*1)?\s*EXTRA|TV\s*3\s*SPORT)(\s*(HD|UHD))?(\s*SPORTS)?\s*SE$)" strm=""/>
	<channel id="V SPORT FOOTBALL HD SE" title="(?=(V|VIASAT)(\s*SPORT)?\s*(FOOTBALL|FOTBOLL|FOTBALL)(\s*(HD|UHD))?(\s*SPORTS)?\s*SE$)" strm=""/>
	<channel id="V SPORT GOLF HD SE" title="(?=(V|VIASAT)(\s*SPORT)?\s*GOLF(\s*(HD|UHD))?(\s*SPORTS)?\s*SE$)" strm=""/>
	<channel id="V SPORT HOCKEY HD SE" title="(?=(V|VIASAT)(\s*SPORT)?\s*HOCKEY(\s*(HD|UHD))?(\s*SPORTS)?\s*SE$)" strm=""/>
	<channel id="V SPORT MOTOR SE" title="(?=(V|VIASAT)(\s*SPORT)?\s*MOTOR(\s*(HD|UHD))?(\s*SPORTS)?\s*SE$)" strm=""/>
	<channel id="V SPORT PREMIUM SE" title="(?=(V|VIASAT)(\s*SPORT)?\s*PREMIUM(\s*(HD|UHD))?(\s*SPORTS)?\s*SE$)" strm=""/>
	<channel id="V SPORT ULTRA HD SE" title="(?=(V|VIASAT)(\s*SPORT)?\s*ULTRA(\s*(HD|UHD))?(\s*SPORTS)?\s*SE$)" strm=""/>
	<channel id="VIASAT EXPLORE SE" title="(?=(V|VIASAT)\s*EXPLORE(R)?(\s*(HD|UHD))?\s*SE$)" strm=""/>
	<channel id="VIASAT HISTORY SE" title="(?=(V|VIASAT)\s*HISTORY(\s*(HD|UHD))?\s*SE$)" strm=""/>
	<channel id="VIASAT NATURE SE" title="(?=(V|VIASAT)\s*NATURE(\s*CRIME)?(\s*NATURE/CRIME/PLAYBOY)?(\s*(HD|UHD))?\s*SE$)" strm=""/>
	<channel id="VISION SE" title="(?=VISION(\s*(HD|UHD))?\s*SE$)" strm=""/>
	<channel id="VSTMANLANDS TV SE"	title="(?=VSTMANLANDS(\s*TV)?(\s*(HD|UHD))?\s*SE$)" strm=""/>
	<channel id="YLE TV1 SE" title="(?=YLE\s*TV(\s*1)?(\s*(HD|UHD))?(\s*(FI|SE))$)" strm=""/>
	<channel id="YLE TV2 SE" title="(?=YLE\s*TV\s*2(\s*(HD|UHD))?(\s*(FI|SE))$)" strm=""/>
	<channel id="ZDF SE" title="(?=ZDF(\s*(HD|UHD))?\s*DE$)" strm=""/>
	
	<category name="Movie" 									tags="Action|Fantasy|Film|Mysterium|Science fiction|Short Film|Skräck|Spänning|Thriller|Västern"/>
	<category name="Series" 								tags="Drama|Dramakomedi|Gay/Lesbiskt|Historisk drama|Holiday|Högtid|Komedi|Kriminalare|Kriminaldrama|Lesbiskt|Miniserie|Miniseries|Romantik|Romantisk komedi|Serie|Sitcom|Svart komedi|Såpa"/>
	<category name="Information" 							tags="Debatt|Diskussion|Ekonomi|Event|Information|Intervju|Nyheter|Nyhetsmagasin|Politik|Public affairs|Samhälle|Special|Teknologi|Väder"/>
	<category name="Entertainment" 							tags="Dans|E-sport|Game|Game show|Hip-Hop &amp; Rap|Klassiskt|Konsert|Mode|Musik|Paranormal|Underhållning"/>
	<category name="Document" 								tags="Antologi|Auktion|Aviation|Bilar|Biografi|Båt|Datorer|Djur|Dokumentär|Dramadokumentär|Fiske|Friluftsliv|Föräldraskap|Hantverk|How-to|Juridik|Konst|Konsument|Krig|Miljö|Natur|Pris|Reality|Religion|Renovering|Resor|Samlande|Scenkonst|Utbildning|Vetenskap|Äventyr"/>
	<category name="Kids" 									tags="Animerat|Barnprogram|Spel"/>
	<category name="Sport" 									tags="Action sport|Alpin skidåkning|Amerikansk fotboll|Backhoppning|Baseball|Basket|Bilsport|Bordtennis|Boxning|Båtracing|Båt racing|Cykel|Cykelsport|Cykeltävling|Fotboll|Freestyle Skiing|Friidrott|Galoppsport|Golf|Handboll|Hockey|Hästar|Innebandy|Kanot|Kampsport|Kappsegling|Konståkning|Längdskidåkning|Löpning|Mma|Motorcykel|Motorcykel racing|Motorsport|Pro wrestling|Ridning|Rodel|Segling|Skidskytte|Skidåkning|Skridskor|Simning|Snooker|Snowboarding|Sumobrottning|Sports event|Sports non-event|Sportsnack|Surfning|Tennis|Travsport|Triathlon|Tyngdlyftning|Variety"/>
	<category name="Interactive Entertainment" 				tags="Erotik|Hälsa|Lifestyle|Matlagning|Medicin|Musikal|Musikalkomedi|Shopping|Trädgård|Vattensport|Vuxenfilm"/>
</map>