<?xml version="1.0" encoding="UTF-8" standalone="yes"?>
<addon id="repository.mods-kodi" name="mods-kodi Repository" version="1.0.2" provider-name="mods-kodi.pl">
  <extension point="xbmc.addon.repository" name="mods-kodi Repository">
    <dir>
	  <info compressed="false">https://raw.githubusercontent.com/Mariusz89B/mods-kodi/master/mods-kodi-addons.xml</info>
	  <checksum>https://raw.githubusercontent.com/Mariusz89B/mods-kodi/master/mods-kodi-addons.xml.md5</checksum>
	  <datadir zip="true">https://github.com/Mariusz89B/mods-kodi/raw/master/</datadir>
    </dir>
  </extension>
  <extension point="xbmc.addon.metadata">
	<summary lang="en_GB">m-TVGuide repository</summary>
	<description lang="da_DK">Elektronisk programguide til Kodi.</description>
	<description lang="de_DE">Elektronischer Programmführer für Kodi.</description>
	<description lang="en_GB">Electronic program guide for Kodi.</description>
	<description lang="fr_FR">Guide électronique des programmes pour Kodi.</description>
	<description lang="hr_HR">Elektronički programski vodič za Kodi.</description>
	<description lang="nl_NL">Elektronische programmagids voor Kodi.</description>
	<description lang="nb_NO">Elektronisk programguide for Kodi.</description>
	<description lang="pl_PL">Elektroniczny program telewizyjny dla Kodi.</description>
	<description lang="sv_SE">Elektronisk programguide för Kodi.</description>
	<disclaimer lang="en_GB">This add-on is unoffical and is not endorsed or supported by any of the services provided in any way. Any trademarks used belong to their owning companies and organisations.</disclaimer>
	<disclaimer lang="pl_PL">Wtyczka nie jest oficjalna koncesjonowanego dostawy, oraz nie jest przez niego zatwierdzona i wspierana. Wszelkie użyte znaki handlowe należą do firm i organizacji podmiotu koncesjonowanego.</disclaimer>
	<language>dk de en fr hr nl no pl se</language>
	<platform>all</platform>
	<license>GNU GENERAL PUBLIC LICENSE Version 3, 29 June 2007 and MIT LICENSE.</license>
	<forum>https://github.com/Mariusz89B/script.mtvguide/discussions</forum>
	<website>https://github.com/Mariusz89B/script.mtvguide</website>
	<source>m-TVGuide © 2013 - 2022</source>
	<assets>
	  <icon>icon.png</icon>
	</assets>
  </extension>
</addon>