<?xml version="1.0" encoding="UTF-8" standalone="yes"?>
<addon id="plugin.video.teliaplay" name="Telia Play" version="1.1.0" provider-name="mariusz89b">
  <requires>
    <import addon="xbmc.python" version="3.0.0"/>
    <import addon="script.module.inputstreamhelper" version="0.2.4"/>
    <import addon="script.module.requests" version="2.22.0"/>
	<import addon="script.module.six" version="1.14.0"/>
	<import addon="script.module.iso8601" version="0.1.12"/>
	<import addon="script.module.pytz" version="2019.3.0"/>
	<import addon="script.module.future" version="0.17.1"/>
  </requires>
  <extension point="xbmc.python.pluginsource" library="addon.py">
    <provides>video</provides>
  </extension>
  <extension point="xbmc.service" library="player.py"/>
  <extension point="xbmc.addon.metadata">
    <summary lang="en_GB">Telia Play</summary>
	<description lang="da_DK">Se indhold fra Telia Play.</description>
    <description lang="en_GB">Watch content from Telia Play.</description>
	<description lang="nb_NO">Se innhold fra Telia Play.</description>
	<description lang="sv_SE">Se innehåll från Telia Play.</description>
    <disclaimer lang="en_GB">This add-on is unoffical and is not endorsed or supported by any of the services provided in any way. Any trademarks used belong to their owning companies and organisations.</disclaimer>
    <language>en sv</language>
    <platform>all</platform>
    <license>GNU GENERAL PUBLIC LICENSE Version 3, 29 June 2007 and MIT LICENSE.</license>
    <source>https://github.com/Mariusz89B/plugin.video.teliaplay</source>
    <news>v1.1.0 (2022-07-10)
- Fixes.

v1.0.9 (2022-07-10)
- Fixed memory leak.

v1.0.8 (2022-07-09)
- Bug fixes.

v1.0.7 (2022-07-08)
- Hotfix.

v1.0.6 (2022-07-08)
- Bug fixes.

v1.0.5 (2022-07-02)
- Login fix.

v1.0.4 (2022-06-13)
- Added Playservices in series category.
- Other fixes.

v1.0.3 (2022-06-13)
- Removed empty categories.

v1.0.2 (2022-06-12)
- Fixes.

v1.0.1 (2022-06-11)
- Fixed encoding for playlist generator.

v1.0 (2022-06-11)
- Added M3U playlist generator.
- Code refactoring.

v0.5 (2022-06-10)
- Hotfix.

v0.4 (2022-06-09)
- Code refactoring.
	
v0.3 (2022-06-08)
- Hotfix.

v0.2 (2022-06-06)
- Fixed missing programs.

v0.1 (2022-06-06)
- Fixed token refresh.
- Code refactoring.

v0.0.4 (2022-06-04)
- Fixes.

v0.0.3 (2022-06-04)
- Fixed login, updated URL.

v0.0.2 (2022-06-02)
- Login fixes.

v0.0.1 (2022-06-01)
- Initial version.
    </news>
    <assets>
        <icon>icon.png</icon>
        <fanart>resources/fanart.jpg</fanart>
        <banner>resources/banner.jpg</banner>
        <clearlogo>resources/clearlogo.png</clearlogo>
        <screenshot>resources/screenshots/screenshot-01.jpg</screenshot>
		<screenshot>resources/screenshots/screenshot-02.jpg</screenshot>
		<screenshot>resources/screenshots/screenshot-03.jpg</screenshot>
    </assets>
  </extension>
</addon>