<?xml version="1.0" encoding="UTF-8" standalone="yes"?>
<addon id="script.mtvguide" name="m-TVGuide [COLOR gold][B]EPG[/B][/COLOR]" version="9.4.0" provider-name="Team Mods-Kodi">
	<requires>
		<import addon="xbmc.addon" version="17.0.0"/>
		<import addon="script.module.inputstreamhelper" />
		<import addon="script.module.simplejson" />
		<import addon="script.module.requests" />
		<import addon="script.module.dateutil" />
        <import addon="script.module.beautifulsoup4" />
		<import addon="script.module.routing" />
		<import addon="script.module.iso8601" />
		<import addon="script.module.pytz" />
		<import addon="script.module.six" />
		<import addon="script.module.future" />
	</requires>
	<extension point="xbmc.python.script" library="addon.py">
		<provides>video</provides>
	</extension>
	<extension point="xbmc.service" library="service.py" start="login"/>
	<extension point="xbmc.addon.metadata">
		<summary lang="en_GB">m-TVGuide EPG</summary>
		<summary lang="pl_PL">m-TVGuide EPG</summary>
		<description lang="en_GB">Electronic program guide for Kodi.</description>
		<description lang="pl_PL">Elektroniczny program telewizyjny dla Kodi.</description>
		<disclaimer lang="en_GB">Feel free to use this add-on. For information visit http://mods-kodi.pl/</disclaimer>
		<disclaimer lang="pl_PL">Zapraszamy do korzystania z dodatku. Więcej informacji na stronie http://mods-kodi.pl/</disclaimer>
		<language>de dk en fr hr nl no pl se</language>
		<platform>all</platform>
		<license>Copyright mods-kodi.pl © 2013 - 2020</license>
		<forum>http://mods-kodi.pl/forum/</forum>
		<website>http://mods-kodi.pl/</website>
		<email>support@m-tvguide.pl</email>
	<news>v9.4.0 (2021-06-27)
- Fixed timebar flickering.
- Updated translations.

v9.3.9 (2021-06-21)
- Added improved channel recognition.
- Updated basemap.

v9.3.8 (2021-06-09)
- Added option to detect alternative channel names.

v9.3.7 (2021-06-04)
- Fixed running .mpd protocol with inputstream helper. 

v9.3.6 (2021-06-03)
- Added parental guidance icon in vosd
- Performance improvements.
- Bug fixes.

v9.3.5 (2021-05-31)
- Updated program category algorithm.
- Bug fixes.

v9.3.4 (2021-05-23)
- Fixed catchup function.

v9.3.3 (2021-05-22)
- Optimizations.
- Bug fixes.

v9.3.2 (2021-05-19)
- Fixed memoryerror while using fast epg parser.
- Performance improvements.
- Bug fixes.

v9.3.1 (2021-05-12)
- Added option to append channel without epg to list.
- Fixed parsing issue.
- Added record and play function.
- Added setting to keep running playback, recording and 
download services in background on add-on exit.

v9.3.0 (2021-04-13)
- Fixed recording service WP Pilot.
- Added timeshift function for service Telia Play.
- Fixed decoding issue.
- Fixed reset button in download menu.
- Added download speed indicator.
- Bug fixes.

v9.2.9 (2021-04-05)
- Performance improvements.
- Fixed fading icons.
- Added new download menu.
- Added option to cache playlist.
- Bug fixes.

v9.2.8 (2021-02-27)
- Fix for service Telia Play.
- Response status code corrected.

v9.2.7 (2021-02-26)
- Fix for service Cyfrowy Polsat GO.
- Fix for service Nc+ GO.

v9.2.6 (2021-02-24)
- Query format string fixes.
- Added Cloudflare bypasser.

v9.2.5 (2021-02-22)
- Optimizations.
- Fixed translations.

v9.2.4 (2021-02-02)
- Added possibility to schedule multiple downloads.
- Fix for download time offset setting.
- Fix for downloading program parts.
- Added new region catagory select option.
- Added automatic recognition for M3U streams missing a country code. 
- Fix for User-Agent setting.
- Added a notification window with information about reason for broken streams.
- Fixed Python 3 translation error that was corrupting the database.

v9.2.3 (2021-01-25)
- Adjusted checkLogin in Telia Play service.

v9.2.2 (2021-01-21)
- Added service PlayerPL.
- Added User-Agent setting for playlists.
- Fix for service Ipla.
- Fixed timestamp with refresh token for service Telia Play.
- Fixed flickering timebar background.
- Other improvements.

v9.2.1 (2021-01-14)
- Fix for service WP Pilot.
- Added the ability to manually enter cookies for the WP Pilot service.
- LoadExtraBaseMap not necessary to start the add-on.

v9.2.0 (2020-12-31)
- Fix for service Ipla, added missing channels.
- Fix encoding utf-8.

v9.1.9 (2020-10-31)
- Fixed timestamp with refresh token for service Telia Play.

v9.1.8 (2020-10-26)
- Fix for service Cyfrowy Polsat GO.
- Fix for service Telia Play.
- Added a timestamp with refresh token for service Telia Play.
- Changes to python API, added xbmc.LOGINFO.

v9.1.7 (2020-08-10)
- Fix downloading programmes on Android systems. 

v9.1.6 (2020-08-08)
- Fixed system time during playback.
- Bug fixes.

v9.1.5 (2020-08-04)
- Bug fixes.

v9.1.4 (2020-07-29)
- Rebuilded timeshift function.
- Added progress and file size notification for downloads.
- Fix for service C More.
- Bug fixes.

v9.1.3 (2020-07-09)
- Bug fixes.

v9.1.2 (2020-07-07)
- Added option to disable font installation.
- Changes in parsing program images.

v9.1.1 (2020-07-05)
- Bug fixes.

v9.1.0 (2020-07-04)
- Added Pause / Resume button for video OSD.
- Added refresh token for Telia Play service.
- Bug fixes.
- Added backup for Kodi skin fonts.

v9.0.10 (2020-07-02)
- Font install fix.

v9.0.9 (2020-07-01)
- Font install fix.
- Reminders encryption fix.
- Added correct encryption for epg .gz file format.
- Skins license added.

v9.0.8 (2020-06-29)
- Fix adding channels.

v9.0.7 (2020-06-28)
- Small fixes.

v9.0.6 (2020-06-28)
- Fix for service Cyforwy Polsat GO.

v9.0.5 (2020-06-28)
- Small fixes.

v9.0.4 (2020-06-27)
- Login fix for WP Pilot serivce.
- Timeshift fix.

v9.0.3 (2020-06-26)
- Login fix for WP Pilot serivce.
- Add certificate for Telia Play service.

v9.0.2 (2020-06-25)
- Fix adding channels.
- Fix decoding paths.

v9.0.0 (2020-06-21)
- Archive support.
- Download finished archive programs.
- Font pack installation.
- Add stream to a channel available in EPG.

</news>
	<assets>
        <icon>icon.png</icon>
        <fanart>fanart.jpg</fanart>
        <screenshot>screenshots/screenshot-01.jpg</screenshot>
		<screenshot>screenshots/screenshot-02.jpg</screenshot>
		<screenshot>screenshots/screenshot-03.jpg</screenshot>
    </assets>
	</extension>
</addon>